yes,armani\index.html
yes,4711\index.html
yes,4711\acqua-colonia\index.html
yes,4711\ice\index.html
yes,4711\original\index.html
yes,4711\remix\index.html
yes,54-celsius\index.html
yes,a-derma\index.html
yes,aa-cosmetics\index.html
yes,academie\index.html
yes,acqua-dell-elba\index.html
yes,acqua-di-selva\index.html
yes,adam-levine\index.html
yes,adidas\index.html
yes,adidas-originals\index.html
yes,agent-provocateur\index.html
yes,airstocking\index.html
yes,ajax\index.html
yes,ajmal\index.html
yes,al-haramain\index.html
yes,albiva\index.html
yes,alcina\index.html
yes,alena-seredova\index.html
yes,allskin\index.html
yes,alpecin\index.html
yes,alphanova\index.html
yes,altermed\index.html
yes,alterna\index.html
yes,always\index.html
yes,alyssa-ashley\index.html
yes,ambientair\index.html
yes,ambipur\index.html
yes,ame-pure\index.html
yes,american-crew\index.html
yes,amouage\index.html
yes,angel-schlesser\index.html
yes,animale\index.html
yes,anna-sui\index.html
yes,annayake\index.html
yes,annick-goutal\index.html
yes,antonio-banderas\index.html
yes,antonio-puig\index.html
yes,apothecary-87\index.html
yes,aquolina\index.html
yes,aramis\index.html
yes,arcocere\index.html
yes,ardell\index.html
yes,argan-oil\index.html
yes,ariana-grande\index.html
yes,ariel\index.html
yes,armand-basi\index.html
yes,ashleigh-burwood-london\index.html
yes,asioo\index.html
yes,asombroso\index.html
yes,astor\index.html
yes,astrid\index.html
yes,atkinsons\index.html
yes,auriga\index.html
yes,aussie\index.html
yes,aveda\index.html
yes,avene\index.html
yes,avon\index.html
yes,axe\index.html
yes,azzaro\index.html
yes,babaria\index.html
yes,babyliss\index.html
yes,babyliss-pro\index.html
yes,badger\index.html
yes,baldessarini\index.html
yes,balenciaga\index.html
yes,banana-republic\index.html
yes,baobab\index.html
yes,barbie\index.html
yes,barnangen\index.html
yes,barry-m\index.html
yes,bath-body-works\index.html
yes,batiste\index.html
yes,baylis-harding\index.html
yes,be-viro-mens-only\index.html
yes,beautyblender\index.html
yes,bel\index.html
yes,bellissima\index.html
yes,below-the-belt\index.html
yes,benecos\index.html
yes,benetton\index.html
yes,bentley\index.html
yes,benton\index.html
yes,bepanthen\index.html
yes,betty-boop\index.html
yes,beyonce\index.html
yes,bhcosmetics\index.html
yes,bielenda\index.html
yes,bijan\index.html
yes,bio-beaute-by-nuxe\index.html
yes,bio-ionic\index.html
yes,bio-oil\index.html
yes,bioderma\index.html
yes,biolage\index.html
yes,biolage-raw\index.html
yes,bioliq\index.html
yes,bione-cosmetics\index.html
yes,biorepair\index.html
yes,biosilk\index.html
yes,biotherm\index.html
yes,biotherm-homme\index.html
yes,blanx\index.html
yes,blistex\index.html
yes,bloom\index.html
yes,bloomy-lotus\index.html
yes,blumarine\index.html
yes,boadicea-the-victorious\index.html
yes,bobbi-brown\index.html
yes,bodyboom\index.html
yes,bohemia-crystal\index.html
yes,bois-1920\index.html
yes,bond-no-9\index.html
yes,bottega-veneta\index.html
yes,boucheron\index.html
yes,bourjois\index.html
yes,braun\index.html
yes,brazil-keratin\index.html
yes,britney-spears\index.html
yes,bruno-banani\index.html
yes,brushart\index.html
yes,bu\index.html
yes,bubchen\index.html
yes,bulldog\index.html
yes,bundle-speciale\index.html
yes,burberry\index.html
yes,burts-bees\index.html
yes,bvlgari\index.html
yes,by-kilian\index.html
yes,by-terry\index.html
yes,by-wishtrend\index.html
yes,byredo\index.html
yes,c-thru\index.html
yes,cacharel\index.html
yes,cadentia\index.html
yes,calgon\index.html
yes,calvin-klein\index.html
yes,capillan\index.html
yes,carmex\index.html
yes,carolina-herrera\index.html
yes,caron\index.html
yes,cartier\index.html
yes,catrice\index.html
yes,caudalie\index.html
yes,cera\index.html
yes,cerave\index.html
yes,cerruti\index.html
yes,cetaphil\index.html
yes,chando\index.html
yes,chanel\index.html
yes,chanson\index.html
yes,charcoal\index.html
yes,chi\index.html
yes,chiara-ambra\index.html
yes,chilly\index.html
yes,chloe\index.html
yes,chloe\chloe-eau-de-toilette2015\index.html
yes,chloe\chloe-nomade\index.html
yes,chloe\creme-colection\index.html
yes,chloe\leau\index.html
yes,chloe\love-story\index.html
yes,chloe\love-story-eau-de-toilette\index.html
yes,chloe\love-story-eau-sensuelle\index.html
yes,chloe\nomade\index.html
yes,chloe\roses-de-chloe\index.html
yes,chopard\index.html
yes,chopard\1000-miglia\index.html
yes,chopard\amber-malaki\index.html
yes,chopard\brilliant-wish\index.html
yes,chopard\casmir\index.html
yes,chopard\happy\index.html
yes,chopard\happy-spirit\index.html
yes,chopard\happy-spirit-elixir-damour\index.html
yes,chopard\musk-malaki\index.html
yes,chopard\oud-malaki\index.html
yes,chopard\rose-malaki\index.html
yes,chopard\wish\index.html
yes,chopard\wish-pink-diamond\index.html
yes,chris-adams\index.html
yes,christian-audigier\index.html
yes,christian-siriano\index.html
yes,christina-aguilera\index.html
yes,chromwell\index.html
yes,cillit\index.html
yes,clarins\index.html
yes,clarins\eau-des-jardins\index.html
yes,clarins\eau-dynamisante\index.html
yes,clarins\eau-ressourcante\index.html
yes,clarisonic\index.html
yes,clean\index.html
yes,clean-clear\index.html
yes,clin\index.html
yes,clinique\index.html
yes,clinique\aromatics\index.html
yes,clinique\beyond-rose\index.html
yes,clinique\calyx\index.html
yes,clinique\happy\index.html
yes,clive-christian\index.html
yes,clochee\index.html
yes,coach\index.html
yes,coach\coach-eau-de-toilette\index.html
yes,coach\coach-men\index.html
yes,coach\dreams\index.html
yes,coach\new-york\index.html
yes,coach\platinum\index.html
yes,coccolino\index.html
yes,cocoes\index.html
yes,coconut-water\index.html
yes,colgate\index.html
yes,collistar\index.html
yes,collistar\acqua-attiva\index.html
yes,collistar\acqua-wood\index.html
yes,collistar\benessere-dellamore\index.html
yes,collistar\benessere-dellarmonia\index.html
yes,collistar\benessere-dellenergia\index.html
yes,collistar\prestige-collection\index.html
yes,collistar\speciale-benessere\index.html
yes,color-wow\index.html
yes,colour-bomb\index.html
yes,comodynes\index.html
yes,control\index.html
yes,corpolibero\index.html
yes,cosrx\index.html
yes,couleur-caramel\index.html
yes,country-candle\index.html
yes,country-candle\anjou-allspice\index.html
yes,country-candle\bamboo\index.html
yes,country-candle\blooming-plumeria\index.html
yes,country-candle\brownie-cheesecake\index.html
yes,country-candle\buttered-rum-toddy\index.html
yes,country-candle\cheers\index.html
yes,country-candle\cilantro-apple-lime\index.html
yes,country-candle\citrus-seagrass\index.html
yes,country-candle\coconut-colada\index.html
yes,country-candle\coconut-wood\index.html
yes,country-candle\daydreams\index.html
yes,country-candle\espresso-crema\index.html
yes,country-candle\golden-tobacco\index.html
yes,country-candle\grey\index.html
yes,country-candle\honey-dew\index.html
yes,country-candle\lemon-lavender\index.html
yes,country-candle\new-england\index.html
yes,country-candle\peppermint-kiss\index.html
yes,country-candle\pinot-noir\index.html
yes,country-candle\pistachio-gelato\index.html
yes,country-candle\summerset\index.html
yes,country-candle\sunshine-daisies\index.html
yes,country-candle\tropical-waters\index.html
yes,country-candle\vanilla-cupcake\index.html
yes,country-candle\vanilla-orchid\index.html
yes,country-candle\welcome-home\index.html
yes,courreges\index.html
yes,creed\index.html
yes,crescina\index.html
yes,cristiano-ronaldo\index.html
yes,crystallove\index.html
yes,cuba\index.html
yes,culti\index.html
yes,culti\black-label-decor\index.html
yes,culti\black-label-stile\index.html
yes,culti\black-tux\index.html
yes,culti\byres\index.html
yes,culti\candle\index.html
yes,culti\car\index.html
yes,culti\decor\index.html
yes,culti\home\index.html
yes,culti\milize\index.html
yes,culti\spray\index.html
yes,culti\sticks\index.html
yes,culti\stile\index.html
yes,curanatura\index.html
yes,curapil\index.html
yes,curaprox\index.html
yes,custo-barcelona\index.html
yes,cutishelp\index.html
yes,czech-speake\index.html
yes,czech-speake\cuba\index.html
yes,czech-speake\neroli\index.html
yes,czech-speake\spanish-cedar\index.html
yes,da-vinci\index.html
yes,daddy-yankee\index.html
yes,dandy\index.html
yes,darphin\index.html
yes,david-beckham\index.html
yes,davines\index.html
yes,daylong\index.html
yes,dear-beard\index.html
yes,dear-rose\index.html
yes,deborah-milano\index.html
yes,declare\index.html
yes,decleor\index.html
yes,delia-cosmetics\index.html
yes,denim\index.html
yes,der-waschkonig\index.html
yes,dermacol\index.html
yes,dermacol\black-amber-patchouli\index.html
yes,dermacol\black-sensation\index.html
yes,dermacol\cashmere-wood-lavandin\index.html
yes,dermacol\guatemala-cardamom-basil\index.html
yes,dermacol\honey-pomelo-neroli\index.html
yes,dermacol\marine-wood-coriander\index.html
yes,dermacol\peach-blossom-lilac\index.html
yes,dermacol\pink-apple-american-rose\index.html
yes,dermacol\sea-salt-lime\index.html
yes,dermacol\sweet-orange-honeysuckle\index.html
yes,dermagen-group\index.html
yes,dermalogica\index.html
yes,dermedic\index.html
yes,dermika\index.html
yes,desigual\index.html
yes,desigual\dark\index.html
yes,desigual\you\index.html
yes,di-angelo-cosmetics\index.html
yes,diadermine\index.html
yes,diegodallapalma\index.html
yes,diesel\index.html
yes,diet-esthetic\index.html
yes,dior\index.html
yes,diptyque\index.html
yes,diptyque\34-boulevard-saint-germain\index.html
yes,diptyque\baies\index.html
yes,diptyque\benjoin\index.html
yes,diptyque\do-son\index.html
yes,diptyque\eau-des-sens\index.html
yes,diptyque\eau-duelle\index.html
yes,diptyque\eau-rose\index.html
yes,diptyque\genevrier\index.html
yes,diptyque\leau\index.html
yes,diptyque\leau-des-hesperides\index.html
yes,diptyque\lombre-dans-leau\index.html
yes,diptyque\lys\index.html
yes,diptyque\musc\index.html
yes,diptyque\noisetier\index.html
yes,diptyque\oranger\index.html
yes,diptyque\oud-palao\index.html
yes,diptyque\philosykos\index.html
yes,diptyque\roses\index.html
yes,diptyque\tam-dao\index.html
yes,diptyque\tempo\index.html
yes,diptyque\vetyverio\index.html
yes,diptyque\volutes\index.html
yes,dirham\index.html
yes,diritto-recesso\index.html
yes,disney\index.html
yes,diva-nice-cosmetics\index.html
yes,dkny\index.html
yes,dolce-gabbana\index.html
yes,dolce-gabbana\dg-anthology-limperatrice-3\index.html
yes,dolce-gabbana\dolce\index.html
yes,dolce-gabbana\k-by-dolce-gabbana\index.html
yes,dolce-gabbana\light-blue\index.html
yes,dolce-gabbana\pour-homme\index.html
yes,dolce-gabbana\the-only-one\index.html
yes,dona\index.html
yes,doop\index.html
yes,dove\index.html
yes,dr-bronners\index.html
yes,dr-irena-eris\index.html
yes,dr-sante\index.html
yes,driclor\index.html
yes,droracle\index.html
yes,dsquared2\index.html
yes,dsquared2\he-wood\index.html
yes,dsquared2\he-wood-rocky-mountain\index.html
yes,dsquared2\she-wood\index.html
yes,dsquared2\want\index.html
yes,dsquared2\want-pink-ginger\index.html
yes,dsquared2\wood\index.html
yes,dtangler\index.html
yes,ducray\index.html
yes,dunhill\index.html
yes,dunhill\513-n\index.html
yes,dunhill\black\index.html
yes,dunhill\century\index.html
yes,dunhill\custom\index.html
yes,dunhill\desire\index.html
yes,dunhill\desire-black\index.html
yes,dunhill\desire-blue\index.html
yes,dunhill\desire-silver\index.html
yes,dunhill\dunhill\index.html
yes,dunhill\dunhill-d\index.html
yes,dunhill\dunhill-edition\index.html
yes,dunhill\icon\index.html
yes,dunhill\icon-absolute\index.html
yes,dunhill\icon-elite\index.html
yes,dunhill\icon-racing\index.html
yes,dunhill\london\index.html
yes,dunhill\pure\index.html
yes,dunhill\pursuit\index.html
yes,dunhill\signature-collection\index.html
yes,dunhill\x-centric\index.html
yes,dw-home\index.html
yes,dx2\index.html
yes,ecodenta\index.html
yes,ecooking\index.html
yes,ecotools\index.html
yes,edwin-jagger\index.html
yes,eight-bob\index.html
yes,eisenberg\index.html
yes,eisenberg\back-to-paris\index.html
yes,eisenberg\diabolique\index.html
yes,eisenberg\i-am\index.html
yes,eisenberg\jose\index.html
yes,eisenberg\le-peche\index.html
yes,eisenberg\rouge-et-noir\index.html
yes,eisenberg\secret\index.html
yes,eisenberg\start\index.html
yes,eisenberg\tentation\index.html
yes,elancyl\index.html
yes,elemis\index.html
yes,elie-saab\index.html
yes,elizabeth-arden\index.html
yes,elizabeth-taylor\index.html
yes,elizabeth-taylor\black-pearls\index.html
yes,elizabeth-taylor\diamonds-and-emeralds\index.html
yes,elizabeth-taylor\diamonds-and-rubies\index.html
yes,elizabeth-taylor\diamonds-and-saphire\index.html
yes,elizabeth-taylor\gardenia\index.html
yes,elizabeth-taylor\passion\index.html
yes,elizabeth-taylor\white-diamonds\index.html
yes,elizabeth-taylor\white-diamonds-night\index.html
yes,ellen-tracy\index.html
yes,elmex\index.html
yes,elode\index.html
yes,emanuel-ungaro\index.html
yes,emanuel-ungaro\diva\index.html
yes,emanuel-ungaro\lhomme\index.html
yes,emanuel-ungaro\lhomme-iii\index.html
yes,emanuel-ungaro\power\index.html
yes,emanuel-ungaro\ungaro\index.html
yes,embryolisse\index.html
yes,emma-hardie\index.html
yes,enrique-iglesias\index.html
yes,eos\index.html
yes,ep-line\index.html
yes,erbe-solingen\index.html
yes,erborian\index.html
yes,ere-perez\index.html
yes,ermenegildo-zegna\index.html
yes,escada\index.html
yes,escada\celebrate-now\index.html
yes,escada\especially\index.html
yes,escada\magnetism\index.html
yes,escada\miami-blossom\index.html
yes,escentric-molecules\index.html
yes,escentric-molecules\discovery-set\index.html
yes,escentric-molecules\escentric-01\index.html
yes,escentric-molecules\escentric-02\index.html
yes,escentric-molecules\escentric-03\index.html
yes,escentric-molecules\escentric-04\index.html
yes,escentric-molecules\molecule-01\index.html
yes,escentric-molecules\molecule-02\index.html
yes,escentric-molecules\molecule-03\index.html
yes,escentric-molecules\molecule-04\index.html
yes,eshave\index.html
yes,essence\index.html
yes,essie\index.html
yes,estee-lauder\index.html
yes,estee-lauder\aliage\index.html
yes,estee-lauder\amber-mystique\index.html
yes,estee-lauder\azuree\index.html
yes,estee-lauder\beyond-paradise\index.html
yes,estee-lauder\cinnabar2015\index.html
yes,estee-lauder\eau-de-private-collection\index.html
yes,estee-lauder\estee-2015\index.html
yes,estee-lauder\intuition\index.html
yes,estee-lauder\knowing\index.html
yes,estee-lauder\modern-muse\index.html
yes,estee-lauder\pleasures\index.html
yes,estee-lauder\pure-white-linen\index.html
yes,estee-lauder\sensuous\index.html
yes,estee-lauder\spellbound\index.html
yes,estee-lauder\tuscany-per-donna\index.html
yes,estee-lauder\white-linen\index.html
yes,estee-lauder\wood-mystique\index.html
yes,estee-lauder\youth-dew\index.html
yes,estelle-thild\index.html
yes,etat-libre-dorange\index.html
yes,etat-libre-dorange\archives-69\index.html
yes,etat-libre-dorange\attaquer-le-soleil-marquis-de-sade\index.html
yes,etat-libre-dorange\bijou-romantique\index.html
yes,etat-libre-dorange\cologne\index.html
yes,etat-libre-dorange\eau-de-protection\index.html
yes,etat-libre-dorange\eloge-du-traitre\index.html
yes,etat-libre-dorange\hermann-a-mes-cotes-me-paraissait-une-ombre\index.html
yes,etat-libre-dorange\jasmin-et-cigarette\index.html
yes,etat-libre-dorange\je-suis-un-homme\index.html
yes,etat-libre-dorange\like-this\index.html
yes,etat-libre-dorange\noel-au-balcon\index.html
yes,etat-libre-dorange\putain-des-palaces\index.html
yes,etat-libre-dorange\remarkable-people\index.html
yes,etat-libre-dorange\rien\index.html
yes,etat-libre-dorange\rien-intense-incense\index.html
yes,etat-libre-dorange\true-lust\index.html
yes,etat-libre-dorange\vierges-et-toreros\index.html
yes,etat-libre-dorange\yes-i-do\index.html
yes,etiaxil\index.html
yes,etienne-aigner\index.html
yes,etro\index.html
yes,etro\etra\index.html
yes,etro\gomma\index.html
yes,etro\greene-street\index.html
yes,etro\heliotrope\index.html
yes,etro\jacquard\index.html
yes,etro\lemon-sorbet\index.html
yes,etro\magot\index.html
yes,etro\man-rose\index.html
yes,etro\marquetry\index.html
yes,etro\messe-de-minuit\index.html
yes,etro\musk\index.html
yes,etro\new-tradition\index.html
yes,etro\paisley\index.html
yes,etro\palais-jamais\index.html
yes,etro\patchouly\index.html
yes,etro\pegaso\index.html
yes,etro\rajasthan\index.html
yes,etro\royal-pavillon\index.html
yes,etro\sandalo\index.html
yes,etro\shaal-nur\index.html
yes,etro\shantung\index.html
yes,etro\udaipur\index.html
yes,etro\via-verri\index.html
yes,eubos\index.html
yes,eucerin\index.html
yes,eutopie\index.html
yes,eutopie\no-1\index.html
yes,eutopie\no-10\index.html
yes,eutopie\no-11\index.html
yes,eutopie\no-2\index.html
yes,eutopie\no-3\index.html
yes,eutopie\no-4\index.html
yes,eutopie\no-6\index.html
yes,eutopie\no-7\index.html
yes,eutopie\no-8\index.html
yes,eutopie\no-9\index.html
yes,eva-longoria\index.html
yes,eveline-cosmetics\index.html
yes,excipial\index.html
yes,ga-de\index.html
yes,gabriela-sabatini\index.html
yes,gabriela-sabatini\gabriela-sabatini\index.html
yes,gabriela-sabatini\miss-gabriela\index.html
yes,gabriela-sabatini\miss-gabriela-night\index.html
yes,gap\index.html
yes,garnier\index.html
yes,gc\index.html
yes,gehwol\index.html
yes,gestil\index.html
yes,ghd\index.html
yes,gilles-cantuel\index.html
yes,gillette\index.html
yes,giorgio-beverly-hills\index.html
yes,girlz-only\index.html
yes,givenchy\index.html
yes,glade\index.html
yes,glam-glow\index.html
yes,gloria-vanderbilt\index.html
yes,gloria-vanderbilt\minuit-new-a-york\index.html
yes,gloria-vanderbilt\vanderbilt\index.html
yes,golddachs\index.html
yes,golden-beards\index.html
yes,goldwell\index.html
yes,gosh\index.html
yes,got2b\index.html
yes,grace-cole\index.html
yes,grace-cole\sweet-cinnamon-myrrh\index.html
yes,grace-cole\white-nectarine-pear\index.html
yes,green-bio\index.html
yes,green-pharmacy\index.html
yes,greenum\index.html
yes,gres\index.html
yes,gres\cabochard\index.html
yes,gres\cabotine\index.html
yes,gres\madame-gres\index.html
yes,gres\piece-unique\index.html
yes,grown-alchemist\index.html
yes,gucci\index.html
yes,guerlain\index.html
yes,guess\index.html
yes,gum\index.html
yes,guy-laroche\index.html
yes,hairbond\index.html
yes,hairways\index.html
yes,halston\index.html
yes,hanae-mori\index.html
yes,hanae-mori\haute-couture\index.html
yes,hanae-mori\him\index.html
yes,hanae-mori\hm\index.html
yes,hardwell\index.html
yes,hawaiian-tropic\index.html
yes,hawkins-brimble\index.html
yes,head-shoulders\index.html
yes,headblade\index.html
yes,helen-seward\index.html
yes,helena-rubinstein\index.html
yes,heliocare\index.html
yes,hello-coco\index.html
yes,hermes\index.html
yes,holika-holika\index.html
yes,hollister\index.html
yes,hollister\wave\index.html
yes,hollister\wave-2\index.html
yes,houbigant\index.html
yes,huggies\index.html
yes,hugo-boss\index.html
yes,hugo-boss\boss-no6-bottled\index.html
yes,hummer\index.html
yes,hummer\black\index.html
yes,hummer\chrome\index.html
yes,hummer\h2\index.html
yes,hummer\hummer\index.html
yes,i-heart-revolution\index.html
yes,i-heart-revolution\nude-blush\index.html
yes,i-heart-revolution\pink-crush\index.html
yes,i-heart-revolution\pure-gold\index.html
yes,i-heart-revolution\rose-gold\index.html
yes,i-heart-revolution\silver-wave\index.html
yes,i-heart-revolution\white-space\index.html
yes,i-heart-revolution\wild-cherry\index.html
yes,i-love\index.html
yes,i-trattamenti-per-la-pelle-piu-amati-dellanno-scorso\index.html
yes,iceberg\index.html
yes,ideepharm\index.html
yes,incisione\index.html
yes,incnails\index.html
yes,incredible\index.html
yes,inebrya\index.html
yes,inglot\index.html
yes,institut-esthederm\index.html
yes,institut-esthederm\un-soir-en-ete\index.html
yes,intensive-hair-therapy\index.html
yes,invisibobble\index.html
yes,iroha\index.html
yes,isdin\index.html
yes,issey-miyake\index.html
yes,issey-miyake\a-scent-by-issey-miyake\index.html
yes,issey-miyake\leau-dissey\index.html
yes,issey-miyake\leau-dissey-blue-pour-homme\index.html
yes,issey-miyake\leau-dissey-pour-homme\index.html
yes,issey-miyake\leau-majeure-dissey\index.html
yes,issey-miyake\leau-super-majeure-dissey\index.html
yes,issey-miyake\nuit-dissey\index.html
yes,issey-miyake\pleats-please2013\index.html
yes,iwhite\index.html
yes,iwostin\index.html
yes,jack-n-jill\index.html
yes,jacomo\index.html
yes,jacques-bogart\index.html
yes,jacques-bogart\bogart\index.html
yes,jacques-bogart\bogart-pour-homme\index.html
yes,jacques-bogart\bogart-story-blue\index.html
yes,jacques-bogart\bogart-story-red\index.html
yes,jacques-bogart\one-man-show\index.html
yes,jacques-bogart\one-man-show-gold-edition\index.html
yes,jacques-bogart\silver-scent\index.html
yes,jacques-bogart\silver-scent-deep\index.html
yes,jacques-bogart\silver-scent-intense\index.html
yes,jaguar\index.html
yes,jaguar\classic\index.html
yes,jaguar\evolution\index.html
yes,jaguar\excellence\index.html
yes,jaguar\innovation\index.html
yes,jaguar\pace\index.html
yes,jaguar\stance\index.html
yes,jaguar\vision\index.html
yes,james-bond-007\index.html
yes,james-bond-007\cologne\index.html
yes,james-bond-007\james-bond-007\index.html
yes,james-bond-007\quantum\index.html
yes,james-bond-007\seven\index.html
yes,james-bond-007\seven-intense\index.html
yes,james-read\index.html
yes,jar\index.html
yes,jean-couturier\index.html
yes,jean-louis-scherrer\index.html
yes,jean-louis-scherrer\jean-louis-scherrer-1979\index.html
yes,jean-louis-scherrer\nuits-indiennes\index.html
yes,jean-louis-scherrer\one-love\index.html
yes,jean-louis-scherrer\scherrer-2\index.html
yes,jean-patou\index.html
yes,jean-paul-gaultier\index.html
yes,jeanne-arthes\index.html
yes,jeanne-en-provence\index.html
yes,jenny-glow\index.html
yes,jericho\index.html
yes,jessica-simpson\index.html
yes,jesus-del-pozo\index.html
yes,jesus-del-pozo\ambar\index.html
yes,jesus-del-pozo\halloween\index.html
yes,jesus-del-pozo\halloween-blue-drop\index.html
yes,jesus-del-pozo\halloween-kiss\index.html
yes,jesus-del-pozo\halloween-kiss-sexy\index.html
yes,jesus-del-pozo\halloween-man\index.html
yes,jesus-del-pozo\halloween-man-rock-on\index.html
yes,jesus-del-pozo\halloween-tattoo-man\index.html
yes,jesus-del-pozo\halloween-tattoo-women\index.html
yes,jesus-del-pozo\halloween-water-lily\index.html
yes,jesus-del-pozo\in-white\index.html
yes,jesus-del-pozo\mia-me-mine\index.html
yes,jesus-del-pozo\mia-me-mine-eau-de-toilette\index.html
yes,jette\index.html
yes,jil-sander\index.html
yes,jimmy-choo\index.html
yes,jo-malone\index.html
yes,john-galliano\index.html
yes,john-masters-organics\index.html
yes,john-richmond\index.html
yes,john-varvatos\index.html
yes,john-varvatos\artisan\index.html
yes,john-varvatos\artisan-acqua\index.html
yes,john-varvatos\artisan-blu\index.html
yes,john-varvatos\dark-rebel\index.html
yes,john-varvatos\dark-rebel-rider\index.html
yes,john-varvatos\john-varvatos\index.html
yes,john-varvatos\john-varvatos-oud\index.html
yes,john-varvatos\nick-jonas\index.html
yes,john-varvatos\vintage\index.html
yes,johnsons-baby\index.html
yes,joico\index.html
yes,joop\index.html
yes,jovan\index.html
yes,jovoy\index.html
yes,juicy-couture\index.html
yes,juliette-has-a-gun\index.html
yes,juliette-has-a-gun\accessories\index.html
yes,juliette-has-a-gun\another-oud\index.html
yes,juliette-has-a-gun\anyway\index.html
yes,juliette-has-a-gun\citizen-queen\index.html
yes,juliette-has-a-gun\gentlewoman\index.html
yes,juliette-has-a-gun\into-the-void\index.html
yes,juliette-has-a-gun\lady-vengeance\index.html
yes,juliette-has-a-gun\liquid-illusion\index.html
yes,juliette-has-a-gun\mad-madame\index.html
yes,juliette-has-a-gun\metal-chypre\index.html
yes,juliette-has-a-gun\midnight-oud\index.html
yes,juliette-has-a-gun\miss-charming\index.html
yes,juliette-has-a-gun\mmmm\index.html
yes,juliette-has-a-gun\moon-dance\index.html
yes,juliette-has-a-gun\moscow-mule\index.html
yes,juliette-has-a-gun\romantina\index.html
yes,juliette-has-a-gun\sunny-side-up\index.html
yes,juliette-has-a-gun\vanilla-vibes\index.html
yes,juliette-has-a-gun\vengeance-extreme\index.html
yes,juliette-has-a-gun\white-spirit\index.html
yes,just-glide\index.html
yes,just-jack\index.html
yes,just-jack\black-is-black\index.html
yes,just-jack\homme-noir\index.html
yes,just-jack\italian-leather\index.html
yes,just-jack\italian-leather-all-time-classic\index.html
yes,just-jack\lady-noir\index.html
yes,just-jack\london-eye\index.html
yes,just-jack\moroccan-green\index.html
yes,just-jack\neroli\index.html
yes,just-jack\noir-endurance\index.html
yes,just-jack\orchid-noir\index.html
yes,just-jack\oud-oak\index.html
yes,just-jack\patchouli\index.html
yes,just-jack\pure-carbon\index.html
yes,just-jack\simply-blanc\index.html
yes,just-jack\tweed\index.html
yes,just-jack\vetiver\index.html
yes,just-jack\wild-orchid\index.html
yes,justin-bieber\index.html
yes,k2r\index.html
yes,kallos\index.html
yes,kaloo\index.html
yes,kanebo\index.html
yes,katy-perry\index.html
yes,katy-perry\katy-perrys-indi\index.html
yes,katy-perry\katy-perrys-mad-love\index.html
yes,katy-perry\katy-perrys-mad-potion\index.html
yes,katy-perry\killer-queen\index.html
yes,katy-perry\meow\index.html
yes,katy-perry\purr\index.html
yes,katy-perry\royal-revolution\index.html
yes,keiko-mecheri\index.html
yes,kelsey-berwin\index.html
yes,kenneth-cole\index.html
yes,kenneth-cole\black\index.html
yes,kenneth-cole\blue\index.html
yes,kenneth-cole\mankind\index.html
yes,kenneth-cole\reaction\index.html
yes,kenneth-cole\reaction-t-shirt\index.html
yes,kenneth-cole\rsvp\index.html
yes,kenneth-cole\signature\index.html
yes,kenneth-cole\vintage-black\index.html
yes,kenneth-cole\white\index.html
yes,kenzo\index.html
yes,kerastase\index.html
yes,kerastase-blond-absolu\index.html
yes,kevin-murphy\index.html
yes,kim-kardashian\index.html
yes,kim-kardashian\glam\index.html
yes,kim-kardashian\gold\index.html
yes,kim-kardashian\kim-kardashian\index.html
yes,kim-kardashian\pure-honey\index.html
yes,kiton\index.html
yes,klairs\index.html
yes,kleenex\index.html
yes,klorane\index.html
yes,klorane\bebe\index.html
yes,kneipp\index.html
yes,kobo\index.html
yes,kocostar\index.html
yes,kolmaz\index.html
yes,korika\index.html
yes,korres\index.html
yes,kotex\index.html
yes,kringle-candle\index.html
yes,kringle-candle\anjou-allspice\index.html
yes,kringle-candle\aqua\index.html
yes,kringle-candle\beachside\index.html
yes,kringle-candle\black-line\index.html
yes,kringle-candle\cherry-blossom\index.html
yes,kringle-candle\dewdrops\index.html
yes,kringle-candle\lemon-lavender\index.html
yes,kringle-candle\mystic-sands\index.html
yes,kringle-candle\over-the-rainbow\index.html
yes,kringle-candle\rose-all-day\index.html
yes,kringle-candle\rosemary-lemon\index.html
yes,kringle-candle\set-sail\index.html
yes,kringle-candle\spa-day\index.html
yes,kringle-candle\tonka-bean-vanilla\index.html
yes,kringle-candle\vanilla-lavender\index.html
yes,kringle-candle\vineyard\index.html
yes,kringle-candle\warm-cotton\index.html
yes,kringle-candle\watercolors\index.html
yes,kryolan\index.html
yes,la-martina\index.html
yes,la-perla\index.html
yes,la-perla\divina\index.html
yes,la-perla\in-rosa\index.html
yes,la-perla\jaime\index.html
yes,la-perla\jaime-elixir\index.html
yes,la-perla\just-precious\index.html
yes,la-perla\peony-blossom\index.html
yes,la-riche\index.html
yes,la-roche-posay\index.html
yes,lab-series\index.html
yes,labello\index.html
yes,labelm\index.html
yes,lacalut\index.html
yes,lacoste\index.html
yes,lacoste\booster\index.html
yes,lacoste\challenge\index.html
yes,lacoste\eau-de-lacoste\index.html
yes,lacoste\eau-de-lacoste-l1212\index.html
yes,lacoste\eau-de-lacoste-l1212-pour-elle\index.html
yes,lacoste\essential\index.html
yes,lacoste\lhomme\index.html
yes,lacoste\live\index.html
yes,lacoste\pour-homme\index.html
yes,lacoste\red\index.html
yes,lactacyd\index.html
yes,lactovit\index.html
yes,ladival\index.html
yes,lady-gaga\index.html
yes,lalique\index.html
yes,lancaster\index.html
yes,lancaster\concentrate\index.html
yes,lancome\index.html
yes,lancome\idole\index.html
yes,lancome-i-piu-amati-dai-clienti\index.html
yes,lanvin\index.html
yes,lanvin\a-girl-in-capri\index.html
yes,lanvin\eclat-darpege\index.html
yes,lanvin\eclat-darpege-pour-homme\index.html
yes,lanvin\eclat-de-nuit\index.html
yes,lanvin\jeanne-lanvin\index.html
yes,lanvin\lhomme\index.html
yes,lanvin\lhomme-sport\index.html
yes,lanvin\marry-me\index.html
yes,lanvin\me\index.html
yes,lanvin\modern-princess\index.html
yes,lanvin\oxygene\index.html
yes,lanvin\oxygene-homme\index.html
yes,lanvin\rumeur\index.html
yes,lanvin\rumeur-2-rose\index.html
yes,lanza\index.html
yes,laura-biagiotti\index.html
yes,laura-biagiotti\laura\index.html
yes,laura-biagiotti\laura-tender\index.html
yes,laura-biagiotti\lovely-laura\index.html
yes,laura-biagiotti\roma\index.html
yes,laura-biagiotti\roma-rosa\index.html
yes,laura-biagiotti\roma-uomo\index.html
yes,laura-biagiotti\romamor\index.html
yes,lavera\index.html
yes,lbiotica\index.html
yes,le-couvent-des-minimes\index.html
yes,le-couvent-des-minimes\amorem\index.html
yes,le-couvent-des-minimes\botanical\index.html
yes,le-couvent-des-minimes\botaniques\index.html
yes,le-couvent-des-minimes\interieurs-singuliers\index.html
yes,le-couvent-des-minimes\mythiques\index.html
yes,le-couvent-des-minimes\remarquables\index.html
yes,le-galion\index.html
yes,le-mini-macaron\index.html
yes,le-petit-olivier\index.html
yes,lenor\index.html
yes,lierac\index.html
yes,linteo\index.html
yes,lip-smacker\index.html
yes,lirene\index.html
yes,listerine\index.html
yes,liu-jo\index.html
yes,liz-claiborne\index.html
yes,liz-claiborne\bora-bora\index.html
yes,liz-claiborne\curve\index.html
yes,liz-claiborne\curve-black\index.html
yes,liz-claiborne\curve-chill\index.html
yes,liz-claiborne\curve-connect\index.html
yes,liz-claiborne\curve-crush\index.html
yes,liz-claiborne\curve-wave\index.html
yes,liz-claiborne\lucky-you\index.html
yes,liz-claiborne\mambo\index.html
yes,loewe\index.html
yes,lolita-lempicka\index.html
yes,lomani\index.html
yes,lona\index.html
yes,loreal-paris\index.html
yes,lorenzo-villoresi\index.html
yes,lorenzo-villoresi\alamut\index.html
yes,lorenzo-villoresi\dilmun\index.html
yes,lorenzo-villoresi\mare-nostrum\index.html
yes,lorenzo-villoresi\musk\index.html
yes,lorenzo-villoresi\patchouli\index.html
yes,lorenzo-villoresi\teint-de-neige\index.html
yes,lov\index.html
yes,love-beauty-planet\index.html
yes,lovea\index.html
yes,lovela\index.html
yes,luciano-soprani\index.html
yes,lumene\index.html
yes,luminum-candle\index.html
yes,mac\index.html
yes,macadamia-natural-oil\index.html
yes,macadamia-oil-extract\index.html
yes,mad-beauty\index.html
yes,maestro\index.html
yes,magicstripes\index.html
yes,magnum\index.html
yes,magoon\index.html
yes,make-me-bio\index.html
yes,makeup-obsession\index.html
yes,makeup-revolution\index.html
yes,mandarina-duck\index.html
yes,mandarina-duck\black\index.html
yes,mandarina-duck\cool-black\index.html
yes,mandarina-duck\mandarina-duck\index.html
yes,mandarina-duck\scarlet-rain\index.html
yes,marc-jacobs\index.html
yes,marc-jacobs\daisy\index.html
yes,marc-jacobs\daisy-dream\index.html
yes,marc-jacobs\daisy-love\index.html
yes,marc-jacobs\decadence\index.html
yes,marc-jacobs\divine-decadence\index.html
yes,marc-jacobs\eau-so-decadent\index.html
yes,maria-sharapova\index.html
yes,marina-de-bourbon\index.html
yes,marvis\index.html
yes,mary-kay\index.html
yes,masaki-matsushima\index.html
yes,matea-nesek\index.html
yes,matrix\index.html
yes,mauboussin\index.html
yes,mauboussin\aequalis\index.html
yes,mauboussin\by-mauboussin\index.html
yes,mauboussin\mauboussin-elixir-pour-elle\index.html
yes,mauboussin\mauboussin-homme\index.html
yes,mauboussin\pour-elle\index.html
yes,mauboussin\pour-lui\index.html
yes,mauboussin\promise-me\index.html
yes,mauboussin\rose-pour-elle\index.html
yes,maybelline\index.html
yes,mediblanc\index.html
yes,memo\index.html
yes,mercedes-benz\index.html
yes,meridol\index.html
yes,mexx\index.html
yes,mexx\black\index.html
yes,mexx\black-man-new-look\index.html
yes,mexx\city-breeze\index.html
yes,mexx\energizing-woman\index.html
yes,mexx\ice-touch-man\index.html
yes,mexx\ice-touch-woman\index.html
yes,mexx\look-up-now\index.html
yes,mexx\man-new-look\index.html
yes,mexx\pure-man-new-look\index.html
yes,mexx\whenever-wherever\index.html
yes,mexx\woman\index.html
yes,mexx\woman-new-look\index.html
yes,michael-jordan\index.html
yes,michael-kors\index.html
yes,michael-kors\24k-brilliant-gold\index.html
yes,michael-kors\coral\index.html
yes,michael-kors\extreme-blue\index.html
yes,michael-kors\extreme-night\index.html
yes,michael-kors\extreme-speed\index.html
yes,michael-kors\glam-jasmine\index.html
yes,michael-kors\michael-kors\index.html
yes,michael-kors\midnight-shimmer\index.html
yes,michael-kors\rose-radiant-gold\index.html
yes,michael-kors\sexy-amber\index.html
yes,michael-kors\sexy-blossom\index.html
yes,michael-kors\sexy-rio-de-janeiro\index.html
yes,michael-kors\sexy-ruby\index.html
yes,michael-kors\stylish-amber\index.html
yes,michael-kors\turquoise\index.html
yes,michael-kors\very-hollywood\index.html
yes,michael-kors\white-luminous-gold\index.html
yes,michael-kors\wonderlust\index.html
yes,milk-shake\index.html
yes,milkhouse-candle-co\index.html
yes,milkhouse-candle-co\creamery\index.html
yes,miller-harris\index.html
yes,mimitika\index.html
yes,missha\index.html
yes,missoni\index.html
yes,miu-miu\index.html
yes,miu-miu\leau-rosee\index.html
yes,miu-miu\miu-miu\index.html
yes,miu-miu\miu-miu-leau-bleue\index.html
yes,miu-miu\twist\index.html
yes,mixa\index.html
yes,mizon\index.html
yes,molinard\index.html
yes,mondial\index.html
yes,mont-blanc\index.html
yes,montana\index.html
yes,moroccanoil\index.html
yes,moschino\index.html
yes,moschino\cheap-chic\index.html
yes,moschino\cheap-chic-chic-petals\index.html
yes,moschino\i-love-love\index.html
yes,moschino\light-clouds\index.html
yes,moschino\pink-bouquet\index.html
yes,moschino\so-real\index.html
yes,moschino\stars\index.html
yes,moschino\toujours-glamour\index.html
yes,moschino\toy\index.html
yes,moschino\uomo\index.html
yes,moser-pro\index.html
yes,mr-proper\index.html
yes,mua-makeup-academy\index.html
yes,mugler\index.html
yes,mugler\alien\index.html
yes,mugler\amen\index.html
yes,mugler\angel\index.html
yes,mugler\angel-muse\index.html
yes,mugler\aura\index.html
yes,mugler\cologne\index.html
yes,mugler\innocent\index.html
yes,mugler\womanity\index.html
yes,mustang\index.html
yes,mustela\index.html
yes,my-clarins\index.html
yes,my-magic-mud\index.html
yes,my-white-secret\index.html
yes,myrurgia\index.html
yes,nae\index.html
yes,naomi-campbell\index.html
yes,naomi-campbell\at-night\index.html
yes,naomi-campbell\bohemian-garden\index.html
yes,naomi-campbell\cat-deluxe\index.html
yes,naomi-campbell\cat-deluxe-at-night\index.html
yes,naomi-campbell\cat-deluxe-with-kisses\index.html
yes,naomi-campbell\glam-rouge\index.html
yes,naomi-campbell\naomi\index.html
yes,naomi-campbell\naomi-campbell\index.html
yes,naomi-campbell\pret-a-porter\index.html
yes,naomi-campbell\private\index.html
yes,naomi-campbell\seductive-elixir\index.html
yes,naomi-campbell\wild-pearl\index.html
yes,narciso-rodriguez\index.html
yes,narciso-rodriguez\narciso\index.html
yes,nasomatto\index.html
yes,nasomatto\absinth\index.html
yes,nasomatto\baraonda\index.html
yes,nasomatto\blamage\index.html
yes,nasomatto\china-white\index.html
yes,nasomatto\duro\index.html
yes,nasomatto\narcotic-v\index.html
yes,nasomatto\pardon\index.html
yes,nasomatto\silver-musk\index.html
yes,natura-siberica\index.html
yes,naturalium\index.html
yes,nature-box\index.html
yes,nautica\index.html
yes,neostrata\index.html
yes,nesti-dante\index.html
yes,neutral\index.html
yes,neutrogena\index.html
yes,nicole-richie\index.html
yes,nikos\index.html
yes,nioxin\index.html
yes,nishane\index.html
yes,nishane\ambra-calabria\index.html
yes,nishane\boszporusz\index.html
yes,nishane\pasion-choco\index.html
yes,nishane\rosa-turca\index.html
yes,nishane\santalove\index.html
yes,nishane\spice-bazaar\index.html
yes,nishane\sultan-vetiver\index.html
yes,nishane\tuberoza\index.html
yes,nishane\vjola\index.html
yes,nishane\wulong-cha\index.html
yes,nivea\index.html
yes,nivea\men\index.html
yes,nkd-skn\index.html
yes,no-inhibition\index.html
yes,nobea\index.html
yes,notino\index.html
yes,nuxe\index.html
yes,ob\index.html
yes,odeon\index.html
yes,odriu\index.html
yes,olaplex\index.html
yes,old-spice\index.html
yes,olivia-garden\index.html
yes,omorovicza\index.html
yes,oncle\index.html
yes,one-direction\index.html
yes,one-direction\between-us\index.html
yes,one-direction\our-moment\index.html
yes,one-direction\that-moment\index.html
yes,onno\index.html
yes,onno\cubo\index.html
yes,onno\sphere\index.html
yes,opalescence\index.html
yes,opi\index.html
yes,oral-b\index.html
yes,oranjito\index.html
yes,organic-shop\index.html
yes,original-penguin\index.html
yes,original-penguin\ice-blue\index.html
yes,original-penguin\iconic-blend\index.html
yes,original-penguin\nightcap\index.html
yes,original-penguin\original-blend\index.html
yes,original-penguin\premium-blend\index.html
yes,original-penguin\reserve\index.html
yes,original-penguin\rocks\index.html
yes,original-penguin\signature-blend\index.html
yes,orlane\index.html
yes,orlane\bouquets-dorlane\index.html
yes,orlane\orlane-eau-d-orlane\index.html
yes,oscar-de-la-renta\index.html
yes,oscar-de-la-renta\bella-blanca\index.html
yes,oscar-de-la-renta\bella-rosa\index.html
yes,oscar-de-la-renta\blue-orchid\index.html
yes,oscar-de-la-renta\celebration\index.html
yes,oscar-de-la-renta\esprit-doscar\index.html
yes,oscar-de-la-renta\extraordinary\index.html
yes,oscar-de-la-renta\extraordinary-petale\index.html
yes,oscar-de-la-renta\gentleman\index.html
yes,oscar-de-la-renta\intrusion\index.html
yes,oscar-de-la-renta\live-in-love\index.html
yes,oscar-de-la-renta\oscar\index.html
yes,oscar-de-la-renta\oscar-jasmine\index.html
yes,oscar-de-la-renta\oscar-rose\index.html
yes,oscar-de-la-renta\pour-lui\index.html
yes,oscar-de-la-renta\rosamor\index.html
yes,oscar-de-la-renta\ruby-velvet\index.html
yes,oscar-de-la-renta\so-de-la-renta\index.html
yes,oscar-de-la-renta\something-blue\index.html
yes,oscar-de-la-renta\tropicale\index.html
yes,oscar-de-la-renta\velvet\index.html
yes,oscar-de-la-renta\velvet-noir\index.html
yes,oscar-de-la-renta\volupte\index.html
yes,otto-kern\index.html
yes,paco-rabanne\index.html
yes,paco-rabanne\1-million\index.html
yes,paco-rabanne\invictus\index.html
yes,paco-rabanne\lady-million\index.html
yes,paco-rabanne\olympea\index.html
yes,paco-rabanne\pour-homme\index.html
yes,paco-rabanne\pure-xs\index.html
yes,paddywax\index.html
yes,palmers\index.html
yes,palmolive\index.html
yes,paloma\index.html
yes,paloma-picasso\index.html
yes,pampers\index.html
yes,pantene\index.html
yes,paris-a-la-plus-belle\index.html
yes,paris-hilton\index.html
yes,paris-hilton\can-can\index.html
yes,paris-hilton\can-can-barlesque\index.html
yes,paris-hilton\dazzle\index.html
yes,paris-hilton\gold-rush\index.html
yes,paris-hilton\heiress\index.html
yes,paris-hilton\just-me\index.html
yes,paris-hilton\paris-hilton\index.html
yes,paris-hilton\passport-in-tokyo\index.html
yes,paris-hilton\platinum-rush\index.html
yes,paris-hilton\rose-rush\index.html
yes,paris-hilton\siren\index.html
yes,paris-hilton\tease\index.html
yes,paris-hilton\with-love\index.html
yes,parlux\index.html
yes,parodontax\index.html
yes,paul-smith\index.html
yes,paul-smith\extreme-man\index.html
yes,paul-smith\extreme-woman\index.html
yes,paul-smith\men\index.html
yes,paul-smith\rose\index.html
yes,paul-smith\woman\index.html
yes,payot\index.html
yes,pearl-drops\index.html
yes,pepino\index.html
yes,percy-nobleman\index.html
yes,perriconemd\index.html
yes,perris-monte-carlo\index.html
yes,perris-monte-carlo\ambre-gris\index.html
yes,perris-monte-carlo\bois-doud\index.html
yes,perris-monte-carlo\musk-extreme\index.html
yes,perris-monte-carlo\oud-imperial\index.html
yes,perris-monte-carlo\patchouli-nosy-be\index.html
yes,perris-monte-carlo\ylang-ylang-nosy-be\index.html
yes,perry-ellis\index.html
yes,persil\index.html
yes,perspirex\index.html
yes,perwoll\index.html
yes,peter-thomas-roth\index.html
yes,petits-joujoux\index.html
yes,pharmaceris\index.html
yes,philips\index.html
yes,physiogel\index.html
yes,phyto\index.html
yes,pierre-balmain\index.html
yes,pierre-balmain\balmain-homme\index.html
yes,pierre-balmain\extatic\index.html
yes,pierre-balmain\extatic-gold-musk\index.html
yes,pierre-balmain\extatic-tiger-orchid\index.html
yes,pierre-cardin\index.html
yes,pierre-rene\index.html
yes,pilaten\index.html
yes,pino-silvestre\index.html
yes,pitbull\index.html
yes,piz-buin\index.html
yes,plantur\index.html
yes,playboy\index.html
yes,plh-beauty\index.html
yes,pmd-beauty\index.html
yes,pola-cosmetics\index.html
yes,polaar\index.html
yes,police\index.html
yes,pomellato\index.html
yes,poo-pourri\index.html
yes,popband\index.html
yes,porsche-design\index.html
yes,prada\index.html
yes,pret-a-porter\index.html
yes,pretty-athletic\index.html
yes,proraso\index.html
yes,pulp-riot\index.html
yes,puma\index.html
yes,pupa\index.html
yes,pur\index.html
yes,pure-97\index.html
yes,pureology\index.html
yes,purito\index.html
yes,purity-vision\index.html
yes,pyunkang-yul\index.html
yes,queen-helene\index.html
yes,radox\index.html
yes,ralph-lauren\index.html
yes,ramon-bejar\index.html
yes,rampage\index.html
yes,rasasi\index.html
yes,rasasi\al-attar-al-thameen\index.html
yes,rasasi\al-attar-al-thameen-al-bahy\index.html
yes,rasasi\al-hobb-al-abady\index.html
yes,rasasi\al-hobb-al-hakiki\index.html
yes,rasasi\al-hobb-hayat\index.html
yes,rasasi\al-oudh-al-thameen\index.html
yes,rasasi\al-wisam-day\index.html
yes,rasasi\al-wisam-evening\index.html
yes,rasasi\arba-wardat\index.html
yes,rasasi\ashaar-pour-homme\index.html
yes,rasasi\attar-al-boruzz-jazeebiyat-musk-tabriz\index.html
yes,rasasi\attar-al-boruzz-lamaat-musk-tabriz\index.html
yes,rasasi\attar-al-mohobba-man\index.html
yes,rasasi\badiaa\index.html
yes,rasasi\bakhoor-al-majlis\index.html
yes,rasasi\bent-al-ezz-nabah\index.html
yes,rasasi\busaina\index.html
yes,rasasi\bushra\index.html
yes,rasasi\catherine\index.html
yes,rasasi\dhan-al-oudh-al-nokhba\index.html
yes,rasasi\dhan-oudh-al-combodi\index.html
yes,rasasi\dhanal-oudh-estethnay\index.html
yes,rasasi\dhanal-oudh-jurrah\index.html
yes,rasasi\dhanal-oudh-nashwah\index.html
yes,rasasi\dirham\index.html
yes,rasasi\emotion\index.html
yes,rasasi\entebaa-men\index.html
yes,rasasi\esraa\index.html
yes,rasasi\hatem-men\index.html
yes,rasasi\hatem-ruh-al-mughamarah\index.html
yes,rasasi\hope\index.html
yes,rasasi\insherah-gold\index.html
yes,rasasi\insherah-silver\index.html
yes,rasasi\jaish\index.html
yes,rasasi\junoon-leather-pour-homme\index.html
yes,rasasi\junoon-satin\index.html
yes,rasasi\junoon-satin-pour-homme\index.html
yes,rasasi\junoon-velvet\index.html
yes,rasasi\junoon-velvet-pour-homme\index.html
yes,rasasi\khaltat-al-khasa-ma-dhan-al-oudh\index.html
yes,rasasi\knowledge\index.html
yes,rasasi\l-incontournable-blue-men-2\index.html
yes,rasasi\la-yukawam-jasmine-wisp\index.html
yes,rasasi\la-yuqavam-ambergris-showers\index.html
yes,rasasi\la-yuqawam\index.html
yes,rasasi\la-yuqawam-orchid-prairie\index.html
yes,rasasi\la-yuqawam-tobacco-blaze\index.html
yes,rasasi\mahyouba\index.html
yes,rasasi\mukhallat-lil-abhaya-wa-shela\index.html
yes,rasasi\mukhallat-oudh-al-mubakhhar\index.html
yes,rasasi\nebras-al-ishq\index.html
yes,rasasi\oud-al-mubakhar\index.html
yes,rasasi\oudh-al-abiyad\index.html
yes,rasasi\oudh-al-misk\index.html
yes,rasasi\oudh-al-shamoukh\index.html
yes,rasasi\oudh-at-boruzz-asrar-indonesia\index.html
yes,rasasi\oudh-moattar-chips\index.html
yes,rasasi\qasamat-bareeq\index.html
yes,rasasi\qasamat-ebhar\index.html
yes,rasasi\qasamat-rasana\index.html
yes,rasasi\rabwa\index.html
yes,rasasi\rania\index.html
yes,rasasi\raqiya\index.html
yes,rasasi\rasasi-pour-homme\index.html
yes,rasasi\roohy-tehebak\index.html
yes,rasasi\royale-blue\index.html
yes,rasasi\royale-pour-homme\index.html
yes,rasasi\rumz-al-rasasi-crocodile-pour-elle\index.html
yes,rasasi\rumz-al-rasasi-crocodile-pour-lui\index.html
yes,rasasi\rumz-al-rasasi-leo-pour-elle\index.html
yes,rasasi\rumz-al-rasasi-leo-pour-lui\index.html
yes,rasasi\rumz-al-rasasi-zebra-pour-elle\index.html
yes,rasasi\rumz-al-rasasi-zebra-pour-lui\index.html
yes,rasasi\sharina-mukhallat-dhanel-oudh\index.html
yes,rasasi\shuhrah-pour-homme\index.html
yes,rasasi\sotoor\index.html
yes,rasasi\tagreed\index.html
yes,rasasi\tagreed-al-nagham\index.html
yes,rasasi\tasmeem-men\index.html
yes,rasasi\the-rasasi-classic-collection\index.html
yes,rasasi\true-nature\index.html
yes,rasasi\wahami\index.html
yes,rasasi\yazan\index.html
yes,raw-gaia\index.html
yes,real-techniques\index.html
yes,redken\index.html
yes,regenerum\index.html
yes,regina\index.html
yes,remescar\index.html
yes,remington\index.html
yes,reminiscence\index.html
yes,ren\index.html
yes,renovality\index.html
yes,repetto\index.html
yes,replay\index.html
yes,reuzel\index.html
yes,revitalash\index.html
yes,revlon\index.html
yes,revlon-cosmetics\index.html
yes,revolution-pro\index.html
yes,revolution-skincare\index.html
yes,rexona\index.html
yes,ria\index.html
yes,rihanna\index.html
yes,rihanna\crush\index.html
yes,rihanna\nude\index.html
yes,rihanna\rebelle\index.html
yes,rihanna\riri\index.html
yes,rihanna\rogue\index.html
yes,rihanna\rogue-love\index.html
yes,rilastil\index.html
yes,rimmel\index.html
yes,robert-piguet\index.html
yes,robert-piguet\baghari\index.html
yes,robert-piguet\bandit\index.html
yes,robert-piguet\bois-bleu\index.html
yes,robert-piguet\bois-noir\index.html
yes,robert-piguet\calypso\index.html
yes,robert-piguet\casbah\index.html
yes,robert-piguet\chai\index.html
yes,robert-piguet\cravache\index.html
yes,robert-piguet\douglas-hannant\index.html
yes,robert-piguet\gardenia\index.html
yes,robert-piguet\mademoiselle\index.html
yes,robert-piguet\notes\index.html
yes,robert-piguet\oud\index.html
yes,robert-piguet\oud-delice\index.html
yes,robert-piguet\oud-divin\index.html
yes,robert-piguet\v-intense\index.html
yes,robert-piguet\visa\index.html
yes,roberto-cavalli\index.html
yes,roberto-cavalli\gemma-di-paradiso\index.html
yes,roberto-cavalli\just-cavalli\index.html
yes,roberto-cavalli\nero-assoluto\index.html
yes,roberto-cavalli\paradiso\index.html
yes,roberto-cavalli\uomo\index.html
yes,roberto-verino\index.html
yes,roc\index.html
yes,roccobarocco\index.html
yes,rochas\index.html
yes,rochas\byzance\index.html
yes,rochas\eau-de-rochas\index.html
yes,rochas\eau-de-rochas-homme\index.html
yes,rochas\eau-sensuelle\index.html
yes,rochas\lumiere\index.html
yes,rochas\madame-rochas\index.html
yes,rochas\mademoiselle-rochas\index.html
yes,rochas\moustache\index.html
yes,rochas\muse-de-rochas\index.html
yes,rochas\rochas-man\index.html
yes,rochas\secret-de-rochas\index.html
yes,rochas\secret-de-rochas-oud-mystere\index.html
yes,rochas\secret-de-rochas-rose-intense\index.html
yes,rochas\soleil-de-rochas\index.html
yes,rochas\tocade\index.html
yes,rochas\tocade-2013\index.html
yes,rodial\index.html
yes,roger-gallet\index.html
yes,romeo-gigli\index.html
yes,rowenta\index.html
yes,royal-and-langnickel\index.html
yes,royal-copenhagen\index.html
yes,royal-crown\index.html
yes,rude\index.html
yes,ryor\index.html
yes,sachajuan\index.html
yes,sally-hansen\index.html
yes,saloos\index.html
yes,salvador-dali\index.html
yes,santini-cosmetic\index.html
yes,sapil\index.html
yes,sarah-jessica-parker\index.html
yes,sarah-jessica-parker\covet\index.html
yes,sarah-jessica-parker\covet-pure-bloom\index.html
yes,sarah-jessica-parker\lovely\index.html
yes,sarah-jessica-parker\lovely-sheer\index.html
yes,sarah-jessica-parker\sjp-nyc\index.html
yes,sarah-jessica-parker\twilight\index.html
yes,schmidts\index.html
yes,scholl\index.html
yes,sconti-di-san-valentino\index.html
yes,sean-john\index.html
yes,sean-john\i-am-king\index.html
yes,sean-john\sean-john\index.html
yes,sebamed\index.html
yes,semilac-paris\index.html
yes,sensai\index.html
yes,sensilis\index.html
yes,sensodyne\index.html
yes,sergio-tacchini\index.html
yes,sesderma\index.html
yes,seventh-generation\index.html
yes,sex-and-the-city\index.html
yes,sexy-hair\index.html
yes,shaik\index.html
yes,shanghai-tang\index.html
yes,shangpree\index.html
yes,shiseido\index.html
yes,shiseido\ever-bloom\index.html
yes,shiseido\rising-sun\index.html
yes,shiseido\zen2007\index.html
yes,shu-uemura\index.html
yes,shurouq\index.html
yes,sigma-beauty\index.html
yes,signal\index.html
yes,silan\index.html
yes,silcatil\index.html
yes,sisley\index.html
yes,sisley\eau-de-campagne\index.html
yes,sisley\eau-de-sisley\index.html
yes,sisley\eau-dikar\index.html
yes,sisley\eau-du-soir\index.html
yes,sisley\eau-tropicale\index.html
yes,sisley\izia\index.html
yes,sisley\soir-de-lune\index.html
yes,sisley\soir-dorient\index.html
yes,slava-zaitsev\index.html
yes,smells-like-spells\index.html
yes,smells-like-spells\major-arcana\index.html
yes,smells-like-spells\norse-magic\index.html
yes,smells-like-spells\rune-candle\index.html
yes,soaphoria\index.html
yes,soliver\index.html
yes,somat\index.html
yes,somatoline\index.html
yes,soraya\index.html
yes,spirit\index.html
yes,spiritime\index.html
yes,spiritime\gourmet-time\index.html
yes,splat\index.html
yes,st-dupont\index.html
yes,st-moriz\index.html
yes,stella-mccartney\index.html
yes,stephane-humbert-lucas-777\index.html
yes,str8\index.html
yes,sttropez\index.html
yes,sunlight\index.html
yes,svr\index.html
yes,swiss-arabian\index.html
yes,swiss-army\index.html
yes,swissdent\index.html
yes,synchroline\index.html
yes,synouvelle-cosmeceuticals\index.html
yes,syoss\index.html
yes,tabac\index.html
yes,tangle-teezer\index.html
yes,tannymaxx\index.html
yes,tea-tree\index.html
yes,ted-lapidus\index.html
yes,tepe\index.html
yes,terry-de-gunzburg\index.html
yes,tesori-doriente\index.html
yes,thalgo\index.html
yes,thalgo\spa\index.html
yes,thalia-sodi\index.html
yes,thd\index.html
yes,the-bluebeards-revenge\index.html
yes,the-organic-pharmacy\index.html
yes,thebalm\index.html
yes,thermoval\index.html
yes,tigi\index.html
yes,tiziana-terenzi\index.html
yes,tiziana-terenzi\adhil-assoluto\index.html
yes,tiziana-terenzi\aer-ata\index.html
yes,tiziana-terenzi\almond-vanilla\index.html
yes,tiziana-terenzi\bigia\index.html
yes,tiziana-terenzi\black\index.html
yes,tiziana-terenzi\delox\index.html
yes,tiziana-terenzi\dubhe-assoluto\index.html
yes,tiziana-terenzi\eclix\index.html
yes,tiziana-terenzi\gold\index.html
yes,tiziana-terenzi\luna\index.html
yes,tiziana-terenzi\saiph\index.html
yes,tiziana-terenzi\tabit\index.html
yes,tiziana-terenzi\tyl-assoluto\index.html
yes,tiziana-terenzi\vele\index.html
yes,tolpa\index.html
yes,tolure-cosmetics\index.html
yes,tom-tailor\index.html
yes,toniguy\index.html
yes,tonino-lamborghini\index.html
yes,tonino-lamborghini\classico\index.html
yes,tonino-lamborghini\prestigio\index.html
yes,tonino-lamborghini\prestigio-platinum-edition\index.html
yes,tonymoly\index.html
yes,top-nicchia-2017\index.html
yes,topicrem\index.html
yes,tory-burch\index.html
yes,tous\index.html
yes,tous\gold\index.html
yes,tous\kids\index.html
yes,tous\leau-eau-de-toilette\index.html
yes,tous\les-colognes-concentrees\index.html
yes,tous\love\index.html
yes,tous\man\index.html
yes,tous\man-intense\index.html
yes,tous\man-sport\index.html
yes,tous\rosa\index.html
yes,tous\rosa-eau-legere\index.html
yes,tous\sensual-touch\index.html
yes,tous\tous\index.html
yes,tous\tous-baby\index.html
yes,tous\tous-touch\index.html
yes,travalo\index.html
yes,tresemme\index.html
yes,trudi\index.html
yes,trussardi\index.html
yes,trussardi\donna\index.html
yes,trussardi\my-land\index.html
yes,trussardi\my-name\index.html
yes,trussardi\uomo\index.html
yes,tweezerman\index.html
yes,twin-lotus\index.html
yes,urban-alchemy\index.html
yes,uriage\index.html
yes,urtekram\index.html
yes,usher\index.html
yes,v-protect\index.html
yes,valentino\index.html
yes,valera\index.html
yes,vanish\index.html
yes,vaseline\index.html
yes,veet\index.html
yes,vellutier\index.html
yes,vera-wang\index.html
yes,versace\index.html
yes,versace\baby-blue-jeans\index.html
yes,versace\bright-crystal\index.html
yes,versace\crystal-noir\index.html
yes,versace\dreamer\index.html
yes,versace\dylan-blue\index.html
yes,versace\eros\index.html
yes,versace\gianni-versace-couture\index.html
yes,versace\lhomme\index.html
yes,versace\miniatures-collection\index.html
yes,versace\pour-homme\index.html
yes,versace\vanitas\index.html
yes,versace\versace-man\index.html
yes,versace\versace-woman\index.html
yes,versace\versense\index.html
yes,versace\versus\index.html
yes,versace\yellow-diamond\index.html
yes,vichy\index.html
yes,victorias-secret\index.html
yes,village\index.html
yes,village-candle\index.html
yes,village-candle\acai-berry-tobac\index.html
yes,village-candle\awaken\index.html
yes,village-candle\awakening\index.html
yes,village-candle\cherry-blossom\index.html
yes,village-candle\clarity\index.html
yes,village-candle\dark-chocolate-rose\index.html
yes,village-candle\dolce-delight\index.html
yes,village-candle\lavender\index.html
yes,village-candle\mermaid-tales\index.html
yes,village-candle\pure-linen\index.html
yes,village-candle\purity\index.html
yes,village-candle\rain\index.html
yes,village-candle\relaxation\index.html
yes,village-candle\salted-caramel-latte\index.html
yes,village-candle\summer-vibes\index.html
yes,village-candle\toes-in-the-sand\index.html
yes,village-candle\tropical-gateway\index.html
yes,village-candle\wish-upon-a-star\index.html
yes,vince-camuto\index.html
yes,vita-liberata\index.html
yes,vitis\index.html
yes,vivian-gray\index.html
yes,voluspa\index.html
yes,voluspa\japonica\index.html
yes,voluspa\macron\index.html
yes,voluspa\roses\index.html
yes,voluspa\vermeil\index.html
yes,w7-cosmetics\index.html
yes,wahl-pro\index.html
yes,waks\index.html
yes,walden\index.html
yes,weleda\index.html
yes,wet-brush\index.html
yes,wet-n-wild\index.html
yes,white-pearl\index.html
yes,whitewash\index.html
yes,wilkinson-sword\index.html
yes,woodwick\index.html
yes,woodwick\applewood\index.html
yes,woodwick\artisan-ellipse\index.html
yes,woodwick\at-the-beach\index.html
yes,woodwick\black-amber-citrus\index.html
yes,woodwick\black-cherry\index.html
yes,woodwick\black-plum\index.html
yes,woodwick\black-shell\index.html
yes,woodwick\blue-java-banana\index.html
yes,woodwick\cinnamon-chai\index.html
yes,woodwick\coastal-sunset\index.html
yes,woodwick\concrete\index.html
yes,woodwick\crimson-berries\index.html
yes,woodwick\currant\index.html
yes,woodwick\dark-poppy\index.html
yes,woodwick\english-lavender\index.html
yes,woodwick\evening-onyx\index.html
yes,woodwick\evergreen\index.html
yes,woodwick\golden-milk\index.html
yes,woodwick\hemp-ivy\index.html
yes,woodwick\honeysuckle\index.html
yes,woodwick\humidor\index.html
yes,woodwick\island-coconut\index.html
yes,woodwick\lavender-spa\index.html
yes,woodwick\lemongrass-lily\index.html
yes,woodwick\lilac\index.html
yes,woodwick\linen\index.html
yes,woodwick\magnolia\index.html
yes,woodwick\oudwood\index.html
yes,woodwick\pomegranate\index.html
yes,woodwick\rosewood\index.html
yes,woodwick\sacred-smoke\index.html
yes,woodwick\sea-salt-cotton\index.html
yes,woodwick\smoked-jasmine\index.html
yes,woodwick\solar-ylang\index.html
yes,woodwick\suede-sandalwood\index.html
yes,woodwick\sweet-lime-gelato\index.html
yes,woodwick\trilogy\index.html
yes,woodwick\vanilla-bean\index.html
yes,woodwick\vanilla-sea-salt\index.html
yes,woodwick\warm-wool\index.html
yes,woodwick\white-honey\index.html
yes,woodwick\white-tea-jasmin\index.html
yes,woodwick\white-teak\index.html
yes,woodwick\wild-violet\index.html
yes,woodwick\wood-smoke\index.html
yes,woolite\index.html
yes,xx-by-revolution\index.html
yes,yankee-candle\index.html
yes,yankee-candle\a-calm-quiet-place\index.html
yes,yankee-candle\all-is-bright\index.html
yes,yankee-candle\autumn-mosaic\index.html
yes,yankee-candle\awaken\index.html
yes,yankee-candle\black-cherry\index.html
yes,yankee-candle\black-coconut\index.html
yes,yankee-candle\blush-bouquet\index.html
yes,yankee-candle\camellia-blossom\index.html
yes,yankee-candle\candlelit-cabin\index.html
yes,yankee-candle\charming-scents\index.html
yes,yankee-candle\ciderhouse\index.html
yes,yankee-candle\clean-cotton\index.html
yes,yankee-candle\coconut-splash\index.html
yes,yankee-candle\dreamy-summer-nights\index.html
yes,yankee-candle\dried-lavender-oak\index.html
yes,yankee-candle\elevation\index.html
yes,yankee-candle\garden-hideaway\index.html
yes,yankee-candle\home-sweet-home\index.html
yes,yankee-candle\homemade-herb-lemonade\index.html
yes,yankee-candle\honey-lavender-gelato\index.html
yes,yankee-candle\kensington\index.html
yes,yankee-candle\langham\index.html
yes,yankee-candle\lavender\index.html
yes,yankee-candle\leather\index.html
yes,yankee-candle\lemon-lavender\index.html
yes,yankee-candle\midnight-jasmine\index.html
yes,yankee-candle\midsummers-night\index.html
yes,yankee-candle\moonlit-blossoms\index.html
yes,yankee-candle\new-car-scent\index.html
yes,yankee-candle\pebble\index.html
yes,yankee-candle\petal-bowl\index.html
yes,yankee-candle\pink-sands\index.html
yes,yankee-candle\pop\index.html
yes,yankee-candle\rainbows-end\index.html
yes,yankee-candle\red-raspberry\index.html
yes,yankee-candle\roly-poly\index.html
yes,yankee-candle\roseberry-sorbet\index.html
yes,yankee-candle\savoy-ombre\index.html
yes,yankee-candle\scenterpiece-noah\index.html
yes,yankee-candle\seaside-woods\index.html
yes,yankee-candle\shea-butter\index.html
yes,yankee-candle\sheridan\index.html
yes,yankee-candle\sunny-daydream\index.html
yes,yankee-candle\sweet-maple-chai\index.html
yes,yankee-candle\sweet-morning-rose\index.html
yes,yankee-candle\sweet-nothing\index.html
yes,yankee-candle\tropical-jungle\index.html
yes,yankee-candle\true-rose\index.html
yes,yankee-candle\vanilla\index.html
yes,yankee-candle\vanilla-cupcake\index.html
yes,yankee-candle\vanilla-lime\index.html
yes,yankee-candle\verbena\index.html
yes,yankee-candle\warm-cashmere\index.html
yes,yankee-candle\warm-desert-wind\index.html
yes,yankee-candle\water-garden\index.html
yes,yankee-candle\wedding-day\index.html
yes,yankee-candle\white-strawberry-bellini\index.html
yes,yasumi\index.html
yes,yonelle\index.html
yes,yope\index.html
yes,yves-saint-laurent\index.html
yes,yves-saint-laurent\black-opium\index.html
yes,yves-saint-laurent\cinema\index.html
yes,yves-saint-laurent\elle\index.html
yes,yves-saint-laurent\in-love-again\index.html
yes,yves-saint-laurent\jazz\index.html
yes,yves-saint-laurent\kouros\index.html
yes,yves-saint-laurent\la-nuit-de-lhomme\index.html
yes,yves-saint-laurent\lhomme\index.html
yes,yves-saint-laurent\libre\index.html
yes,yves-saint-laurent\m7-oud-absolu\index.html
yes,yves-saint-laurent\mon-paris\index.html
yes,yves-saint-laurent\opium\index.html
yes,yves-saint-laurent\paris\index.html
yes,yves-saint-laurent\parisienne\index.html
yes,yves-saint-laurent\pour-homme\index.html
yes,yves-saint-laurent\rive-gauche\index.html
yes,yves-saint-laurent\y\index.html
yes,yves-saint-laurent\yvresse\index.html
yes,zadig-voltaire\index.html
yes,zadig-voltaire\girls-can-do-anything\index.html
yes,zadig-voltaire\girls-can-say-anything\index.html
yes,zadig-voltaire\just-rock\index.html
yes,zadig-voltaire\this-is-her\index.html
yes,zadig-voltaire\this-is-him\index.html
yes,zadig-voltaire\this-is-love\index.html
yes,zendium\index.html
yes,zew\index.html
yes,ziaja\index.html
yes,ziaja-med\index.html
yes,zlatan-ibrahimovic\index.html
yes,zoe-ayla\index.html
yes,zwilling\index.html
