yes,aa-cosmetics\
yes,abercrombie-fitch\
yes,academie\
yes,acqua-dell-elba\
yes,acqua-di-selva\
yes,adam-levine\
yes,a-derma\
yes,adidas\
yes,adidas-originals\
yes,adolfo-dominguez\
yes,afnan\
yes,agent-provocateur\
yes,airstocking\
yes,ajax\
yes,ajmal\
yes,albiva\
yes,alcina\
yes,alena-seredova\
yes,alfaparf-milano\
yes,alfred-sung\
yes,al-haramain\
yes,allskin\
yes,alpecin\
yes,alphanova\
yes,altermed\
yes,alterna\
yes,always\
yes,alyssa-ashley\
yes,ambientair\
yes,ambipur\
yes,ame-pure\
yes,american-crew\
yes,amouage\
yes,angel-schlesser\
yes,animale\
yes,anna-sui\
yes,annayake\
yes,annick-goutal\
yes,antonio-banderas\
yes,antonio-puig\
yes,apothecary-87\
yes,aquafresh\
yes,aquolina\
yes,aramis\
yes,arcocere\
yes,ardell\
yes,argan-oil\
yes,ariana-grande\
yes,ariel\
yes,armaf\
yes,armand-basi\
yes,armani\
yes,ashleigh-burwood-london\
yes,asioo\
yes,asombroso\
yes,astor\
yes,astrid\
yes,atkinsons\
yes,auriga\
yes,aussie\
yes,aveda\
yes,avene\
yes,avon\
yes,axe\
yes,azzaro\
yes,babaria\
yes,babyliss\
yes,babyliss-pro\
yes,badger\
yes,baldessarini\
yes,balenciaga\
yes,banana-republic\
yes,baobab\
yes,barbie\
yes,barnangen\
yes,barry-m\
yes,bath-body-works\
yes,batiste\
yes,baylis-harding\
yes,beautyblender\
yes,bel\
yes,bellissima\
yes,below-the-belt\
yes,benecos\
yes,benetton\
yes,bentley\
yes,benton\
yes,bepanthen\
yes,betty-boop\
yes,beverly-hills-formula\
yes,be-viro-mens-only\
yes,beyonce\
yes,bhcosmetics\
yes,bielenda\
yes,bijan\
yes,bio-beaute-by-nuxe\
yes,bioderma\
yes,bio-ionic\
yes,biolage\
yes,bioliq\
yes,bione-cosmetics\
yes,bio-oil\
yes,biorepair\
yes,biosilk\
yes,biotherm\
yes,blanx\
yes,blistex\
yes,bloom\
yes,bloomy-lotus\
yes,blumarine\
yes,boadicea-the-victorious\
yes,bobbi-brown\
yes,bodyboom\
yes,bohemia-crystal\
yes,bohemia-gifts-cosmetics\
yes,bois-1920\
yes,bond-no-9\
yes,borotalco\
yes,bottega-veneta\
yes,boucheron\
yes,bourjois\
yes,braun\
yes,brazil-keratin\
yes,britney-spears\
yes,bruno-banani\
yes,brushart\
yes,bu\
yes,bubchen\
yes,bulldog\
yes,burberry\
yes,burts-bees\
yes,by-kilian\
yes,byredo\
yes,by-terry\
yes,by-wishtrend\
yes,cacharel\
yes,cadentia\
yes,calgon\
yes,calvin-klein\
yes,capillan\
yes,captain-fawcett\
yes,carefree\
yes,carmex\
yes,carolina-herrera\
yes,caron\
yes,cartier\
yes,catrice\
yes,caudalie\
yes,cece-of-sweden\
yes,cera\
yes,cerave\
yes,cerruti\
yes,cetaphil\
yes,chando\
yes,chanel\
yes,chanson\
yes,charcoal\
yes,chi\
yes,chiara-ambra\
yes,chilly\
yes,chloe\
yes,chopard\
yes,chris-adams\
yes,christian-audigier\
yes,christian-siriano\
yes,christina-aguilera\
yes,chromwell\
yes,cif\
yes,cillit\
yes,clarins\
yes,clarisonic\
yes,claudia-schiffer-make-up\
yes,clean\
yes,clean-clear\
yes,clin\
yes,clinique\
yes,clive-christian\
yes,clochee\
yes,coach\
yes,coccolino\
yes,cocoes\
yes,coconut-water\
yes,colgate\
yes,collistar\
yes,color-wow\
yes,colour-bomb\
yes,comodynes\
yes,comptoir-sud-pacifique\
yes,control\
yes,corpolibero\
yes,cosrx\
yes,couleur-caramel\
yes,country-candle\
yes,courreges\
yes,creed\
yes,crescina\
yes,cristiano-ronaldo\
yes,crystallove\
yes,c-thru\
yes,cuba\
yes,culti\
yes,curanatura\
yes,curapil\
yes,curaprox\
yes,custo-barcelona\
yes,cutishelp\
yes,czech-speake\
yes,daddy-yankee\
yes,dandy\
yes,darphin\
yes,david-beckham\
yes,davidoff\
yes,da-vinci\
yes,daylong\
yes,dear-beard\
yes,dear-rose\
yes,deborah-milano\
yes,declare\
yes,decleor\
yes,delia-cosmetics\
yes,denim\
yes,dermacol\
yes,dermagen-group\
yes,dermalogica\
yes,dermedic\
yes,dermika\
yes,der-waschkonig\
yes,desigual\
yes,detox-skinfood\
yes,diadermine\
yes,di-angelo-cosmetics\
yes,diegodallapalma\
yes,diesel\
yes,diet-esthetic\
yes,diptyque\
yes,dirham\
yes,disney\
yes,diva-nice-cosmetics\
yes,dkny\
yes,dolce-gabbana\
yes,dona\
yes,doop\
yes,dove\
yes,dr-bronners\
yes,dr-feelgood\
yes,driclor\
yes,dr-irena-eris\
yes,droracle\
yes,dr-sante\
yes,dsquared2\
yes,dtangler\
yes,ducray\
yes,dunhill\
yes,dw-home\
yes,dx2\
yes,ecodenta\
yes,ecooking\
yes,ecotools\
yes,edwin-jagger\
yes,eight-bob\
yes,eisenberg\
yes,elancyl\
yes,elemis\
yes,elie-saab\
yes,elizabeth-arden\
yes,elizabeth-taylor\
yes,ellen-tracy\
yes,elmex\
yes,elode\
yes,emanuel-ungaro\
yes,embryolisse\
yes,emma-hardie\
yes,energie-fruit\
yes,enrique-iglesias\
yes,eos\
yes,ep-line\
yes,erbe-solingen\
yes,erborian\
yes,ere-perez\
yes,ermenegildo-zegna\
yes,escada\
yes,escentric-molecules\
yes,eshave\
yes,essence\
yes,essie\
yes,estee-lauder\
yes,estelle-thild\
yes,etat-libre-dorange\
yes,etiaxil\
yes,etienne-aigner\
yes,etro\
yes,eubos\
yes,eucerin\
yes,eutopie\
yes,eva-longoria\
yes,eveline-cosmetics\
yes,excipial\
yes,faberge\
yes,facevolution\
yes,fanola\
yes,farmona\
yes,fcuk\
yes,fellows-for-him\
yes,fenjal\
yes,ferrari\
yes,filorga\
yes,finish\
yes,flagranti\
yes,floris\
yes,floslek-laboratorium\
yes,floslek-pharma\
yes,foamie\
yes,foreo\
yes,franck-boclet\
yes,franck-olivier\
yes,fred-haymans\
yes,freedom\
yes,freeman\
yes,frosch\
yes,fudge\
yes,gabriela-sabatini\
yes,ga-de\
yes,gap\
yes,garnier\
yes,gc\
yes,gehwol\
yes,geoffrey-beene\
yes,gestil\
yes,gettin-fluo\
yes,ghd\
yes,gianfranco-ferre\
yes,giftino\
yes,gilles-cantuel\
yes,gillette\
yes,giorgio-beverly-hills\
yes,girlz-only\
yes,glade\
yes,glam-glow\
yes,gloria-vanderbilt\
yes,golddachs\
yes,golden-beards\
yes,goldwell\
yes,gosh\
yes,got2b\
yes,grace-cole\
yes,green-bio\
yes,green-pharmacy\
yes,greenum\
yes,gres\
yes,grown-alchemist\
yes,gucci\
yes,guess\
yes,gum\
yes,guy-laroche\
yes,hairbond\
yes,hairways\
yes,halston\
yes,hanae-mori\
yes,hardwell\
yes,hawaiian-tropic\
yes,hawkins-brimble\
yes,headblade\
yes,head-shoulders\
yes,helena-rubinstein\
yes,helene-fischer\
yes,helen-seward\
yes,heliocare\
yes,hello-coco\
yes,hermes\
yes,histoires-de-parfums\
yes,holika-holika\
yes,hollister\
yes,houbigant\
yes,huggies\
yes,hugo-boss\
yes,hummer\
yes,iceberg\
yes,ideepharm\
yes,i-heart-revolution\
yes,i-love\
yes,incnails\
yes,incredible\
yes,inebrya\
yes,inglot\
yes,institut-esthederm\
yes,intensive-hair-therapy\
yes,invisibobble\
yes,iroha\
yes,isdin\
yes,issey-miyake\
yes,iwhite\
yes,iwostin\
yes,jack-n-jill\
yes,jacomo\
yes,jacques-bogart\
yes,jaguar\
yes,james-bond-007\
yes,james-read\
yes,jar\
yes,jean-couturier\
yes,jean-louis-scherrer\
yes,jeanne-arthes\
yes,jeanne-en-provence\
yes,jean-patou\
yes,jean-paul-gaultier\
yes,jennifer-lopez\
yes,jenny-glow\
yes,jericho\
yes,jessica-simpson\
yes,jesus-del-pozo\
yes,jette\
yes,jil-sander\
yes,jimmy-choo\
yes,john-frieda\
yes,john-galliano\
yes,john-masters-organics\
yes,john-richmond\
yes,johnsons-baby\
yes,john-varvatos\
yes,joico\
yes,jo-malone\
yes,joop\
yes,jovan\
yes,jovoy\
yes,juicy-couture\
yes,juliette-has-a-gun\
yes,just-glide\
yes,justin-bieber\
yes,just-jack\
yes,k2r\
yes,kallos\
yes,kaloo\
yes,kanebo\
yes,karl-lagerfeld\
yes,katy-perry\
yes,kelsey-berwin\
yes,kenneth-cole\
yes,kerastase\
yes,kevin-murphy\
yes,kim-kardashian\
yes,kiton\
yes,klairs\
yes,kleenex\
yes,klorane\
yes,kms-california\
yes,kneipp\
yes,kobo\
yes,kocostar\
yes,kolmaz\
yes,korika\
yes,korloff\
yes,korres\
yes,kotex\
yes,kringle-candle\
yes,kryolan\
yes,labello\
yes,labelm\
yes,lab-series\
yes,lacalut\
yes,lacoste\
yes,lactacyd\
yes,lactovit\
yes,ladival\
yes,lady-gaga\
yes,lalique\
yes,la-martina\
yes,lancaster\
yes,lancome\
yes,lanvin\
yes,lanza\
yes,la-perla\
yes,la-riche\
yes,la-roche-posay\
yes,laura-biagiotti\
yes,lavera\
yes,lbiotica\
yes,le-couvent-des-minimes\
yes,lee-stafford\
yes,le-mini-macaron\
yes,lenor\
yes,le-petit-olivier\
yes,lierac\
yes,linteo\
yes,lip-smacker\
yes,lirene\
yes,listerine\
yes,liu-jo\
yes,living-proof\
yes,liz-claiborne\
yes,lm-parfums\
yes,lolita-lempicka\
yes,lomani\
yes,lona\
yes,londa-professional\
yes,loreal-paris\
yes,loreal-professionnel\
yes,lorenzo-villoresi\
yes,lov\
yes,lovea\
yes,love-beauty-planet\
yes,lovela\
yes,luciano-soprani\
yes,lumene\
yes,luminum-candle\
yes,mac\
yes,macadamia-natural-oil\
yes,macadamia-oil-extract\
yes,mad-beauty\
yes,maestro\
yes,magicstripes\
yes,magnum\
yes,magoon\
yes,make-me-bio\
yes,makers-of-wax-goods\
yes,makeup-obsession\
yes,makeup-revolution\
yes,mandarina-duck\
yes,marc-jacobs\
yes,maria-sharapova\
yes,marina-de-bourbon\
yes,marvis\
yes,mary-kay\
yes,masaki-matsushima\
yes,matea-nesek\
yes,matrix\
yes,mauboussin\
yes,max-factor\
yes,maybelline\
yes,mediblanc\
yes,memo\
yes,mercedes-benz\
yes,meridol\
yes,mexx\
yes,michael-jordan\
yes,michael-kors\
yes,milkhouse-candle-co\
yes,milk-shake\
yes,millefiori\
yes,miller-harris\
yes,mimitika\
yes,missha\
yes,missoni\
yes,miu-miu\
yes,mixa\
yes,mizon\
yes,m-micallef\
yes,molinard\
yes,mondial\
yes,montana\
yes,mont-blanc\
yes,moroccanoil\
yes,moschino\
yes,moser-pro\
yes,mr-bear-family\
yes,mr-mrs-fragrance\
yes,mr-proper\
yes,mua-makeup-academy\
yes,mugler\
yes,mustang\
yes,mustela\
yes,my-clarins\
yes,my-magic-mud\
yes,myrurgia\
yes,my-white-secret\
yes,nae\
yes,naif\
yes,naomi-campbell\
yes,narciso-rodriguez\
yes,nasomatto\
yes,naturalium\
yes,natura-siberica\
yes,nature-box\
yes,nautica\
yes,neostrata\
yes,nesti-dante\
yes,neutral\
yes,neutrogena\
yes,nicole-richie\
yes,nikos\
yes,nioxin\
yes,nishane\
yes,nivea\
yes,nkd-skn\
yes,nobea\
yes,no-inhibition\
yes,notino\
yes,nuxe\
yes,nyx-professional-makeup\
yes,ob\
yes,odeon\
yes,odriu\
yes,olaplex\
yes,old-spice\
yes,olivia-garden\
yes,omorovicza\
yes,oncle\
yes,one-direction\
yes,onno\
yes,opalescence\
yes,opi\
yes,oral-b\
yes,oranjito\
yes,organic-shop\
yes,oriflame\
yes,original-penguin\
yes,orlane\
yes,orofluido\
yes,oscar-de-la-renta\
yes,otto-kern\
yes,paco-rabanne\
yes,paddywax\
yes,palmers\
yes,palmolive\
yes,paloma\
yes,paloma-picasso\
yes,pampers\
yes,pantene\
yes,parfums-cafe\
yes,parfums-de-marly\
yes,paris-a-la-plus-belle\
yes,paris-hilton\
yes,parlux\
yes,parodontax\
yes,paul-smith\
yes,payot\
yes,pearl-drops\
yes,pepino\
yes,percy-nobleman\
yes,perfumepod\
yes,perfumers-workshop\
yes,perriconemd\
yes,perris-monte-carlo\
yes,perry-ellis\
yes,persil\
yes,perspirex\
yes,perwoll\
yes,peter-thomas-roth\
yes,petitfee\
yes,petits-joujoux\
yes,pharmaceris\
yes,philips\
yes,physicians-formula\
yes,physiogel\
yes,phyto\
yes,pierre-balmain\
yes,pierre-cardin\
yes,pierre-rene\
yes,pilaten\
yes,pino-silvestre\
yes,pitbull\
yes,piz-buin\
yes,plantur\
yes,playboy\
yes,plh-beauty\
yes,pmd-beauty\
yes,polaar\
yes,pola-cosmetics\
yes,police\
yes,pomellato\
yes,poo-pourri\
yes,popband\
yes,porsche-design\
yes,prada\
yes,pret-a-porter\
yes,pretty-athletic\
yes,proraso\
yes,pulp-riot\
yes,puma\
yes,pupa\
yes,pur\
yes,pure-97\
yes,pureology\
yes,purito\
yes,purity-vision\
yes,pyunkang-yul\
yes,queen-helene\
yes,radox\
yes,ralph-lauren\
yes,ramon-bejar\
yes,rampage\
yes,rasasi\
yes,raw-gaia\
yes,real-techniques\
yes,redken\
yes,ref\
yes,refectocil\
yes,regenerum\
yes,regina\
yes,remescar\
yes,remington\
yes,reminiscence\
yes,ren\
yes,rene-furterer\
yes,renovality\
yes,repetto\
yes,replay\
yes,reuzel\
yes,revitalash\
yes,revlon\
yes,revlon-cosmetics\
yes,revlon-professional\
yes,revolution-pro\
yes,revolution-skincare\
yes,rexona\
yes,ria\
yes,rihanna\
yes,rilastil\
yes,rimmel\
yes,roberto-cavalli\
yes,roberto-verino\
yes,robert-piguet\
yes,roc\
yes,roccobarocco\
yes,rochas\
yes,rodial\
yes,roger-gallet\
yes,roja-parfums\
yes,romeo-gigli\
yes,rowenta\
yes,royal-and-langnickel\
yes,royal-copenhagen\
yes,royal-crown\
yes,rude\
yes,ryor\
yes,sachajuan\
yes,saffee\
yes,sally-hansen\
yes,saloos\
yes,salvador-dali\
yes,salvatore-ferragamo\
yes,sanoflore\
yes,santini-cosmetic\
yes,sapil\
yes,sarah-jessica-parker\
yes,schmidts\
yes,scholl\
yes,schwarzkopf\
yes,schwarzkopf-professional\
yes,scottish-fine-soaps\
yes,sean-john\
yes,sea-of-spa\
yes,sebamed\
yes,sebastian-professional\
yes,semilac-paris\
yes,sensai\
yes,sensilis\
yes,sensodyne\
yes,sergio-tacchini\
yes,sesderma\
yes,seventh-generation\
yes,sex-and-the-city\
yes,sexy-hair\
yes,shaik\
yes,shanghai-tang\
yes,shangpree\
yes,shiseido\
yes,shu-uemura\
yes,sigma-beauty\
yes,signal\
yes,silan\
yes,silcatil\
yes,sisley\
yes,slava-zaitsev\
yes,smells-like-spells\
yes,soaphoria\
yes,sofia-vergara\
yes,sofira-decor-interior\
yes,soliver\
yes,somat\
yes,somatoline\
yes,soraya\
yes,spirit\
yes,spiritime\
yes,splat\
yes,st-dupont\
yes,stella-mccartney\
yes,stephane-humbert-lucas-777\
yes,st-moriz\
yes,str8\
yes,sttropez\
yes,subrina-professional\
yes,sunlight\
yes,surf\
yes,svr\
yes,swiss-arabian\
yes,swiss-army\
yes,swissdent\
yes,synchroline\
yes,synouvelle-cosmeceuticals\
yes,syoss\
yes,tabac\
yes,tangle-teezer\
yes,tannymaxx\
yes,taylor-of-old-bond-street\
yes,tea-tree\
yes,teatro-fragranze\
yes,ted-lapidus\
yes,tepe\
yes,terry-de-gunzburg\
yes,tesori-doriente\
yes,thalgo\
yes,thalia-sodi\
yes,thd\
yes,thebalm\
yes,the-bluebeards-revenge\
yes,the-different-company\
yes,the-finger-glove\
yes,the-library-of-fragrance\
yes,the-organic-pharmacy\
yes,thermoval\
yes,the-smurfs\
yes,tiffany-co\
yes,tigi\
yes,tiziana-terenzi\
yes,tolpa\
yes,tolure-cosmetics\
yes,tom-ford\
yes,tommy-hilfiger\
yes,tom-tailor\
yes,toniguy\
yes,tonino-lamborghini\
yes,tonymoly\
yes,topicrem\
yes,tory-burch\
yes,tous\
yes,travalo\
yes,tresemme\
yes,trudi\
yes,truefitt-hill\
yes,trussardi\
yes,tweezerman\
yes,twin-lotus\
yes,urban-alchemy\
yes,uriage\
yes,urtekram\
yes,usher\
yes,valentino\
yes,valera\
yes,van-cleef-arpels\
yes,vanish\
yes,vaseline\
yes,veet\
yes,vellutier\
yes,vera-wang\
yes,versace\
yes,vichy\
yes,victorias-secret\
yes,viktor-rolf\
yes,village\
yes,village-candle\
yes,vince-camuto\
yes,vita-liberata\
yes,vitis\
yes,vivian-gray\
yes,voluspa\
yes,v-protect\
yes,w7-cosmetics\
yes,wahl-pro\
yes,waks\
yes,walden\
yes,weleda\
yes,wella-professionals\
yes,wet-brush\
yes,wet-n-wild\
yes,white-pearl\
yes,whitewash\
yes,wilkinson-sword\
yes,woodwick\
yes,woolite\
yes,xerjoff\
yes,xx-by-revolution\
yes,yankee-candle\
yes,yasumi\
yes,yonelle\
yes,yope\
yes,yves-saint-laurent\
yes,zadig-voltaire\
yes,zendium\
yes,zew\
yes,ziaja\
yes,ziaja-med\
yes,zippo-fragrances\
yes,zlatan-ibrahimovic\
yes,zoe-ayla\
yes,zwilling\
