accessori,doplnky-dekorativni-kosmetiky
accessori-per-capelli,doplnky-do-vlasu
acne,akne
acqua-di-colonia,kolinska-voda
acque-micellari,micelarni-vody
acque-termali,termalni-vody
allergia-al-sole,alergie-na-slunce
ammorbidente,avivaze
anticellulite,proti-celulitide
antirughe,kremy-na-vrasky
antirughe-e-antiage,vrasky-a-starnouci-plet
antismagliature,proti-striim
antitraspirante,kosmetika/telova-kosmetika/antiperspirant
aromaterapia,aromaterapie
arricciacapelli,kulmy-na-vlasy
assorbenti,vlozky
bagnoschiuma,pena-do-koupele
balsami-senza-risciacquo,bezoplachovy-kondicioner
balsamo,kondicionery
balsamo-dopobarba,balzam-po-holeni
balsamo-labbra,balzamy-na-rty
balsamo-naturale-per-capelli,kosmetika/vlasova-kosmetika/prirodni-kondicioner-na-vlasy
balsamo-per-capelli-secchi,kondicioner-na-suche-vlasy
bb-cream,bb-kremy
benessere,zdravi
bestseller,nejoblibenejsi
bigodini-per-capelli,natacky-na-vlasy
blush,tvarenky
borotalco,telovy-pudr
borotalco-e-talchi-per-bambini,detsky-pudr-a-zasyp
brillantini-per-il-viso,trpytky-na-oblicej
bronzer,bronzery
bronzer-e-blush,bronzery-a-tvarenky
caduta-dei-capelli,vypadavani-vlasu
calze-spray,puncochy-ve-spreji
candele-da-tavola,cajove-svicky
capelli-colorati,barvene-vlasy
capelli-con-meches,melirovane-vlasy
capelli-danneggiati,poskozene-vlasy
capelli-e-cuoio-capelluto-problematici,problemy-s-vlasy-a-vlasovou-pokozkou
capelli-grassi,mastne-vlasy
capelli-grigi,sedive-vlasy
capelli-mossi-e-ricci,vlnite-a-kudrnate-vlasy
capelli-secchi,suche-vlasy
carta-assorbente,papirove-uterky
cellulite-e-smagliature,celulitida-a-strie
cere-e-balsami-per-barba,panska-kosmetika/vosky-a-balzamy-na-vousy
cipria,pudry
ciprie-minerali,mineralni-pudry
collutori-e-spray,ustni-vody-a-spreje
colorazione-dei-capelli,barveni-vlasu
colorazione-dei-capellitinta-bionda,barveni-vlasu/blond-barva
colorazione-dei-capellitinta-blu,barveni-vlasu/modra-barva
colorazione-dei-capellitinta-castana,barveni-vlasu/hneda-barva
colorazione-dei-capellitinta-grigia,barveni-vlasu/seda-barva
colorazione-dei-capellitinta-nera,barveni-vlasu/cerna-barva
colorazione-dei-capellitinta-rame,barveni-vlasu/zrzava-barva
colorazione-dei-capellitinta-rossa,barveni-vlasu/cervena-barva
colorazione-dei-capellitinta-verde,barveni-vlasu/zelena-barva
contorno-occhi,pece-o-ocni-okoli
contro-le-irritazioni,mast-na-opruzeniny
correttori,korektory
correttori-colorati,barevne-korektory
correttori-per-capelli,sprej-na-odrosty
cosmetici,kosmetika
cosmetici-bio-e-naturali,prirodni-a-bio-kosmetika1
cosmetici-con-estratto-di-lumaca,pletova-kosmetika/kremy-s-hlemyzdim-extraktem
cosmetici-coreani,korejska-kosmetika
cosmetici-naturali-per-il-viso,prirodni-a-bio-kosmetika/prirodni-pletova-kosmetika
cosmetici-novita,kosmetika/novinky
cosmetici-organici-e-biologici,bio-a-organicka-kosmetika
cosmetici-per-bambini,deti
cosmetici-per-pori-dilatati,kosmetika-na-rozsirene-pory
cosmetici-piu-venduti,kosmetika/nejprodavanejsi
crema-abbronzante-viso,opalovaci-krem-na-oblicej
crema-autoabbronzante-per-il-viso,samoopalovaci-krem-na-oblicej
crema-depilatoria,depilacni-krem
crema-idratante-viso-uomo,hydratacni-krem-pro-muze
crema-mani,kremy-na-ruce
crema-per-i-piedi,krem-na-nohy
crema-per-lacne,krem-na-akne
crema-viso-con-protezione-solare,pletovy-krem-s-spf
creme-abbronzanti,opalovaci-pripravky
creme-cc,cc-kremy
creme-colorate,tonovaci-kremy
creme-doccia,sprchove-kremy
creme-doccia-s,sprchove-kremy
creme-e-gel-dimagranti,zestihlujici-kremy
creme-e-gel-per-occhi,kosmetika/pletova-kosmetika/ocni-kremy-a-gely
creme-e-spray-autoabbronzanti,samoopalovaci-kremy
creme-giorno,denni-kremy
creme-giorno-e-notte,pece-na-den-i-noc
creme-idratanti,hydratacni-kremy
creme-liscianti,kremy-na-vyhlazeni-pleti
creme-notte,nocni-kremy
creme-ossidanti,oxidacni-kremy
creme-per-il-corpo,telove-kremy
creme-per-il-viso,kosmetika/pletova-kosmetika/pletove-kremy
creme-rassodanti,pece-pro-zpevneni-pleti
creme-solari,kosmetika/slunecni-kosmetika
creme-solari-per-bambini-e-neonati,opalovaci-kremy-pro-deti
cuoio-capelluto-sensibile,citliva-pokozka-hlavy
cura-dei-piedi,pece-o-nohy
cura-del-corpo,pece-o-telo
cura-della-barba,pece-o-vousy
cura-della-pelle-grassa,pece-o-mastnou-plet
cura-della-pelle-mista,pece-o-smisenou-plet
cura-della-pelle-secca,pece-o-suchou-plet
cura-della-pelle-sensibile,pece-o-citlivou-plet
cura-delle-labbra,kosmetika/pletova-kosmetika/pece-o-rty
cura-delle-mani,pece-o-ruce
cura-delle-unghie,kosmetika/dekorativni-kosmetika/pece-o-nehty
cura-del-viso,pece-o-plet
cura-di-collo-e-busto,pece-o-krk-a-dekolt
decolorazione,odbarveni-vlasu
densita-della-pelle,pece-pro-hutnost-a-tvar-pleti
deodorante-per-ambienti,osvezovac-vzduchu
deodorante-senza-alluminio,deodorant-bez-hliniku
deodoranti-e-antitraspiranti,deodoranty
deostick,deostick
depilazione,depilace
dermocosmesi,dermokosmetika1
dermocosmesicura-del-corpo,dermokosmetika/pece-o-telo
dermocosmesicura-della-pelle,dermokosmetika/pece-o-plet
detergente-per-pennelli-trucco,pripravky-na-cisteni-kosmetickych-stetcu
detergenti-per-lavastoviglie,cistice-mycky
detersivi,cistici-prostredky
detersivi-lavatrice,praci-prostredky
detersivo-in-polvere,praci-prasky
dischetti-struccanti,odlicovaci-tampony
docciaschiuma,sprchove-gely
doccia-shampoo-2-in-1,sprchovy-gel-a-sampon-2-v-1
doposole,pripravky-po-opalovani
dosatori,davkovaci-pumpicky
eau-de-toilette,toaletni-voda
eczema-atopico,atopicky-ekzem
edizione-limitata-di-prodotti-cosmetici,kosmetika/omezene-serie
edizioni-limitate,omezene-serie
elastici-per-capelli,kosmetika/vlasova-kosmetika/gumicky-do-vlasu
elettrodomestici,elektronika
epilatore-viso,pletova-kosmetika/epilator-na-oblicej
epilatori,epilatory
eyeliner,ocni-linky
gel-da-barba,gel-na-holeni
gel-detergente-per-le-mani,kosmetika/telova-kosmetika/cistici-gel-na-ruce
gel-detergenti,cistici-gely
gel-per-capelli,gely-na-vlasy
gel-per-capelli-uomo,gel-na-vlasy-pro-muze
gel-per-massaggio,masazni-gel
glow-makeup,glow-makeup
gomma-modellante-per-capelli,kosmetika/vlasova-kosmetika/guma-na-vlasy
gua-sha,gua-sha-desticka
idropulsore,ustni-sprcha
igiene-intima,intimni-hygiena
igiene-orale,pece-o-zuby
illuminanti,pece-pro-rozjasneni-pleti
illuminanti-liquidi-e-in-polvere,rozjasnovace-a-rozjasnujici-pudry
incenso,kadidlo
ingredienti-cosmetici,slozky-kosmetiky
ingredienti-cosmeticiacido-ialuronico,slozky-kosmetiky/kyselina-hyaluronova
ingredienti-cosmeticiacido-salicilico,slozky-kosmetiky/kyselina-salicylova
ingredienti-cosmeticiacqua-termale,slozky-kosmetiky/termalni-voda
ingredienti-cosmeticialoe-vera,slozky-kosmetiky/aloe-vera
ingredienti-cosmeticiburro-di-cacao,slozky-kosmetiky/kakaove-maslo
ingredienti-cosmeticiburro-di-karite,slozky-kosmetiky/bambucke-maslo
ingredienti-cosmeticicalendula,slozky-kosmetiky/mesicek-lekarsky
ingredienti-cosmeticiceramidi,slozky-kosmetiky/ceramidy
ingredienti-cosmeticicocco,slozky-kosmetiky/kokos
ingredienti-cosmeticicoenzima-q10,slozky-kosmetiky/koenzym-q10
ingredienti-cosmeticicollagene,slozky-kosmetiky/kolagen
ingredienti-cosmeticimiele,slozky-kosmetiky/med
ingredienti-cosmeticiolio-di-argan,slozky-kosmetiky/arganovy-olej
ingredienti-cosmeticiolio-di-tea-tree,slozky-kosmetiky/tea-tree-olej
ingredienti-cosmeticioro,slozky-kosmetiky/zlato
ingredienti-cosmeticiprobiotici,slozky-kosmetiky/probiotika
ingredienti-cosmeticipropoli,slozky-kosmetiky/propolis
ingredienti-cosmeticiretinolo,slozky-kosmetiky/retinol
ingredienti-cosmeticirosa,slozky-kosmetiky/ruze
ingredienti-cosmeticisalvia,slozky-kosmetiky/salvej
ingredienti-cosmeticiurea,slozky-kosmetiky/urea
ingredienti-cosmeticivitamina-c,slozky-kosmetiky/vitamin-c
ingredienti-cosmeticivitamina-e,slozky-kosmetiky/vitamin-e
integratori-alimentari-per-il-corpo,doplnky-stravy-pro-telo
integratori-per-capelli,doplnky-stravy-pro-vlasy
kit-cosmetici,kosmeticke-sady
kit-cosmetici-per-il-corpo,kosmeticke-sady-telo
kit-cosmetici-per-il-viso,kosmeticke-sady-pro-plet
kit-per-unghie,kosmeticke-sady-na-nehty
kit-prodotti-di-bellezza,sady-dekorativni-kosmetiky-a-doplnku
kit-prodotti-per-capelli,kosmeticke-sady-na-vlasy
labbra,rty
lacche-per-capelli,laky-na-vlasy
lamette-da-barba,panska-kosmetika/britva-na-holeni
lamette-di-ricambio,nahradni-brity
lampada-aromatica,aromalampa
lampada-catalitica,katalyticka-lampa
latte-per-il-corpo,telova-mleka
levasmalto,odlakovace-na-nehty
lima-elettrica-per-talloni,elektricky-pilnik-na-paty
lime-per-unghie,pilniky-na-nehty
lozioni-dopobarba,voda-po-holeni
lozioni-viso,pletova-kosmetika/pletova-voda
lucidalabbra,lesky-na-rty
macchie-pigmentarie,pigmentove-skvrny
make-up,kosmetika/dekorativni-kosmetika
make-up-bio,prirodni-make-up
makeup-setting-spray,fixacni-sprej-na-make-up
manici-per-scovolini-interdentali,drzaky-na-kartacky
mascara,rasenka
mascara-allungante,kosmetika/dekorativni-kosmetika/prodluzujici-rasenka
mascara-blu,kosmetika/dekorativni-kosmetika/modra-rasenka
mascara-e-gel-per-sopracciglia,kosmetika/dekorativni-kosmetika/rasenky-a-gely-na-oboci
mascara-marrone,kosmetika/dekorativni-kosmetika/hneda-rasenka
mascara-per-occhi-sensibili,kosmetika/dekorativni-kosmetika/rasenka-pro-citlive-oci
maschera-alloro-viso,kosmetika/pletova-kosmetika/zlata-maska-na-oblicej
maschera-anti-acne,pletova-maska-na-akne
maschera-in-tessuto,pletova-kosmetika/platynkova-maska
maschera-nera-viso,kosmetika/pletova-kosmetika/cerna-maska-na-oblicej
maschera-per-le-labbra,kosmetika/pletova-kosmetika/maska-na-rty
maschera-per-le-mani,kosmetika/telova-kosmetika/maska-na-ruce
maschera-ristrutturante-per-capelli-rovinati,maska-na-poskozene-vlasy
maschere-occhi,masky-na-oci
maschere-per-capelli,masky-na-vlasy
maschere-per-capelli-grassi,maska-na-mastne-vlasy
maschere-per-capelli-secchi,maska-na-suche-vlasy
maschere-per-il-viso,pletove-masky
matita-sopracciglia,tuzka-na-oboci
matite-labbra,konturovaci-tuzky-na-rty
matite-occhi,tuzky-na-oci
miglior-shampoo-anticaduta,vypadavani-vlasu-u-muzu
niche,niche
nuovi-prodotti-make-up,nova-dekorativni-kosmetika
occhi,oci
oli-doccia,sprchove-oleje
oli-essenziali,esencialni-oleje
olio-abbronzante,olej-na-opalovani
olio-da-bagno,olej-do-koupele
olio-di-argan,arganovy-olej
olio-di-cocco,kokosovy-olej
olio-di-mandorle,mandlovy-olej
olio-di-ricino,ricinovy-olej
olio-di-rosa,ruzovy-olej
olio-per-capelli,oleje-na-vlasy
olio-per-capelli-secchi,olej-na-suche-vlasy
olio-per-il-corpo,telove-oleje
olio-secco-corpo,suchy-olej
oli-per-il-viso,pletovy-olej
ombretti,ocni-stiny
palette,paletky
palette-contouring,kosmetika/dekorativni-kosmetika/konturovaci-paletka
palette-di-correttori,kosmetika/dekorativni-kosmetika/paletka-korektoru
palette-di-ombretti,kosmetika/dekorativni-kosmetika/paletka-ocni-stinu
pantenolo,kosmetika/telova-kosmetika/panthenol
pasta-per-capelli,kosmetika/vlasova-kosmetika/pasta-na-vlasy
peeling-chimico,pletova-kosmetika/chemicky-peeling
peeling-enzimatico,enzymaticky-peeling
peeling-per-labbra,pletova-kosmetika/peeling-na-rty
pelle-normale,pece-o-normalni-plet
pelle-problematica,problematicka-plet
pennelli-per-trucco,stetce-na-liceni
pennello-da-barba,panska-kosmetika/stetka-na-holeni
pennello-per-tinta-capelli,kosmetika/vlasova-kosmetika/stetec-na-barveni-vlasu
penne-sbiancanti,belici-pera
permanente-per-capelli,trvaleni-vlasu
per-pelli-mature,pece-pro-zralou-plet
pettini-e-spazzole-per-capelli,hrebeny-a-kartace
philips-sonicare,philips-sonicare
phon-e-piastre,technika-na-vlasy
phon-per-capelli,feny-na-vlasy
piastra-per-capelli-a-vapore,kosmetika/vlasova-kosmetika/parni-zehlicka-na-vlasy
piastre-per-capelli,zehlicky-na-vlasy
piegaciglia,dekorativni-kosmetika/klesticky-na-rasy
pietra-pomice-piedi,kosmetika/telova-kosmetika/pemza-na-nohy
pinzetta,kosmetika/dekorativni-kosmetika/pinzeta
premium,premium
preservativi,kondomy
primer,podkladove-baze
primer-ombretto,podkladova-baze-pod-ocni-stiny
prime-rughe,pece-pro-prvni-vrasky
prodotti-cosmetici-per-bambini,telove-pripravky-pro-deti
prodotti-cosmetici-per-uomo,kosmetika/kosmetika-pro-muze
prodotti-da-bagno-per-bambini,koupani
prodotti-da-bagno-per-piedi,koupele-na-nohy
prodotti-dopobarba,pripravky-po-holeni-muzi
prodotti-elettrici-per-uomo,elektro-pro-muze
prodotti-naturali-per-capelli,prirodni-vlasova-kosmetika
prodotti-per-barba,pripravky-na-vousy
prodotti-per-capelli,kosmetika/vlasova-kosmetika
prodotti-per-capelli-da-uomo,vlasova-kosmetika-pro-muze
prodotti-per-il-bagno,pripravky-do-koupele
prodotti-per-il-corpo,kosmetika/telova-kosmetika
prodotti-per-il-viso,kosmetika/pletova-kosmetika
prodotti-per-la-barba,pripravky-na-holeni-pro-muze
prodotti-per-lacconciatura-di-barba-e-capelli,uprava-vousu-a-vlasu
prodotti-per-lacne,pripravky-na-akne
prodotti-per-la-doccia,pripravky-na-sprchovani
prodotti-per-lavastoviglie,pripravky-do-mycky
prodotti-per-le-macchie-sulla-pelle,pripravky-na-pigmentove-skvrny
prodotti-per-le-occhiaie,pripravky-na-kruhy-pod-ocima
prodotti-per-ligiene,hygienicke-potreby
prodotti-per-parrucchieri,kadernicke-potreby
prodotti-per-punti-neri,pripravky-na-cerne-tecky
prodotti-per-solarium,solarni-kosmetika
prodotti-per-uomo,panska-kosmetika
prodotti-struccanti,odliceni-pleti
prodotti-volumizzanti-capelli,pripravky-na-objem-vlasu
pulisci-lingua,pece-o-zuby/skrabka-na-jazyk
pulizia-del-viso,cisteni-pleti
rasatura-e-depilazione-donna,depilace-a-holeni-pro-zeny
rasatura-tradizionale,klasicke-holeni
rasatura-uomo,holeni-pro-muze
rasoi,holici-strojky-pro-muze
rasoio,panska-kosmetika/britva-na-holeni
rasoio-elettrico,elektricky-holici-strojek
rasoi-per-donna,damsky-holici-strojek
rassodare-il-seno,zpevneni-poprsi
ricostruzione-unghie,kosmetika/dekorativni-kosmetika/modelaz-nehtu
ricrescita-capelli,serum-na-rust-vlasu
rigenerazione-della-pelle,pripravky-urychlujici-hojeni
rossetti,rtenky
rossetto-arancione,rtenky/oranzova-rtenka
rossetto-blu,rtenky/modra-rtenka
rossetto-color-carne,rtenky/nude-rtenka
rossetto-color-vino,rtenky/vinova-rtenka
rossetto-corallo,rtenky/koralova-rtenka
rossetto-marrone,rtenky/hneda-rtenka
rossetto-nero,rtenky/cerna-rtenka
rossetto-rosa,rtenky/ruzova-rtenka
rossetto-rosso,rtenky/cervena-rtenka
routine-per-la-cura-della-pelle,rutina-v-peci-o-plet
rullo-di-giada,masazni-valecek-na-oblicej
sali-da-bagno,sul-do-koupele
salviette-struccanti,odlicovaci-ubrousky
sapone,mydla
sapone-da-barba,mydlo-na-holeni
sapone-liquido,tekuta-mydla
saponette,tuha-mydla
saponi-e-shampoo-per-barba,mydla-a-sampony-na-vousy
sbiancamento-denti,beleni-zubu
scovolini-interdentali,mezizubni-kartacky
scrub-doccia,sprchovy-peeling
scrub-per-il-corpo,telovy-peeling
scrub-viso,pletovy-peeling
set-da-barba,panska-kosmetika/sada-na-vousy
set-pennelli-trucco,sada-stetcu-na-liceni
shampoo,sampony
shampoo-anticaduta,sampon-proti-vypadavani-vlasu
shampoo-e-balsamo-2-in-1,sampon-a-kondicioner-2-v-1
shampoo-idratante-per-capelli-secchi,hydratacni-sampon-na-suche-vlasy
shampoo-naturali-per-capelli,prirodni-sampony-na-vlasy
shampoo-per-bambini,detsky-sampon
shampoo-per-capelli-biondi,sampon-na-blond-vlasy
shampoo-per-capelli-colorati,sampon-na-barvene-vlasy
shampoo-per-capelli-con-meches,sampon-na-melirovane-vlasy
shampoo-per-capelli-danneggiati,sampon-na-poskozene-vlasy
shampoo-per-capelli-grassi,sampon-na-mastne-vlasy
shampoo-per-capelli-grigi,sampon-na-sedive-vlasy
shampoo-per-capelli-ricci,sampon-na-kudrnate-vlasy
shampoo-per-cuoio-capelluto-sensibile,sampon-pro-citlivou-pokozku
shampoo-ricrescita-capelli,sampon-na-rust-vlasu
shampoo-secchi,suche-sampony
shampoo-solido-per-capelli,kosmetika/vlasova-kosmetika/tuhy-sampon-na-vlasy
shampoo-uomo,sampony-pro-muze
sieri-per-ciglia-e-sopracciglia,pece-o-rasy-a-oboci
sieri-viso,pletova-sera
siero-occhi,ocni-serum
siero-per-capelli,kosmetika/vlasova-kosmetika/serum-na-vlasy
smalti-per-unghie,laky-na-nehty
spazzola-ad-aria-calda-per-capelli,kosmetika/vlasova-kosmetika/kulmofen-na-vlasy
spazzola-piastra-per-capelli,kosmetika/vlasova-kosmetika/zehlici-kartac-na-vlasy
spazzola-piatta-per-capelli,plochy-kartac-na-vlasy
spazzola-pulizia-viso,kartacek-na-cisteni-pleti
spazzola-rotonda-per-capelli,kulaty-kartac-na-vlasy
spazzole-pulizia-viso,kartacky-na-cisteni-pleti
spazzolini,zubni-kartacky
spazzolini-curaprox,zubni-kartacky-curaprox
spazzolini-elettrici,elektricke-zubni-kartacky
spazzolini-per-bambini,detsky-zubni-kartacek
spazzolino-elettrico-per-bambini,detsky-elektricky-kartacek
spazzolino-sonico,sonicky-kartacek
specchietto-cosmetico,kosmetika/dekorativni-kosmetika/kosmeticke-zrcatko
spray-per-capelli,spreje-na-vlasy
spray-per-il-corpo,telove-spreje
spray-per-i-piedi,sprej-na-nohy
spugna-konjac,kosmetika/pletova-kosmetika/konjakova-houba
spugnette-trucco,houbicka-na-make-up
strisce-per-ceretta,voskove-depilacni-pasky
struccanti-occhi,odliceni-oci
styling,styling
sudorazione-eccessiva,nadmerne-poceni
tagliacapelli,strojky-na-vlasy
tagliapeli-naso-e-orecchie,zastrihovac-chloupku-v-nose-a-usich
tamponi-mestruali,tampony
termoprotettore-per-capelli,ochrana-vlasu-pred-teplem
termoprotettori-per-capelli,ochrana-vlasu-pred-sluncem
tinte-per-capelli,barvy-na-vlasy
tinte-per-sopracciglia,barva-na-oboci
tonici-e-lozioni,tonizace-a-zklidneni-pleti
tonici-viso,pletova-tonika
tonico-per-capelli,kosmetika/vlasova-kosmetika/tonikum-na-vlasy
trattamenti-anti-age,omlazeni-pleti
trattamenti-senza-risciacquo,bezoplachova-pece
trattamento-della-pelle-atopica,pece-o-atopickou-plet
trattamento-pidocchi-e-lendini,pripravky-na-vsi
trucco-per-il-viso,tvar
unghie,nehty
vaselina-cosmetica,kosmeticka-vazelina
vegan,vegan
volumizzante-labbra,kosmetika/pletova-kosmetika/zvetsovace-rtu
